r_m,Bx_T,By_T,Bz_T,Brho_xy_T
0.000000000000000000e+00,0.000000000000000000e+00,0.000000000000000000e+00,2.381488925642818408e-05,0.000000000000000000e+00
1.875000000000000048e-06,0.000000000000000000e+00,0.000000000000000000e+00,2.381489996482555888e-05,0.000000000000000000e+00
3.750000000000000095e-06,0.000000000000000000e+00,0.000000000000000000e+00,2.381493002390113188e-05,0.000000000000000000e+00
5.625000000000000354e-06,0.000000000000000000e+00,0.000000000000000000e+00,2.381497943386257863e-05,0.000000000000000000e+00
7.500000000000000190e-06,0.000000000000000000e+00,0.000000000000000000e+00,2.381504819504643209e-05,0.000000000000000000e+00
9.375000000000000873e-06,0.000000000000000000e+00,0.000000000000000000e+00,2.381513630791800133e-05,0.000000000000000000e+00
1.125000000000000071e-05,0.000000000000000000e+00,0.000000000000000000e+00,2.381524377307145626e-05,0.000000000000000000e+00
1.312500000000000054e-05,0.000000000000000000e+00,0.000000000000000000e+00,2.381537059122976321e-05,0.000000000000000000e+00
1.500000000000000038e-05,0.000000000000000000e+00,0.000000000000000000e+00,2.381551676324486453e-05,0.000000000000000000e+00
1.687500000000000022e-05,0.000000000000000000e+00,0.000000000000000000e+00,2.381568229009748547e-05,0.000000000000000000e+00
1.875000000000000175e-05,0.000000000000000000e+00,0.000000000000000000e+00,2.381586717289729338e-05,0.000000000000000000e+00
2.062499999999999989e-05,0.000000000000000000e+00,0.000000000000000000e+00,2.381607141288284696e-05,0.000000000000000000e+00
2.250000000000000142e-05,0.000000000000000000e+00,0.000000000000000000e+00,2.381629501142160297e-05,0.000000000000000000e+00
2.437499999999999956e-05,0.000000000000000000e+00,0.000000000000000000e+00,2.381653797001004840e-05,0.000000000000000000e+00
2.625000000000000109e-05,0.000000000000000000e+00,0.000000000000000000e+00,2.381680029027365641e-05,0.000000000000000000e+00
2.812499999999999923e-05,0.000000000000000000e+00,0.000000000000000000e+00,2.381708197396692362e-05,0.000000000000000000e+00
3.000000000000000076e-05,0.000000000000000000e+00,0.000000000000000000e+00,2.381738302297333620e-05,0.000000000000000000e+00
3.187500000000000229e-05,0.000000000000000000e+00,0.000000000000000000e+00,2.381770343930553254e-05,0.000000000000000000e+00
3.375000000000000043e-05,0.000000000000000000e+00,0.000000000000000000e+00,2.381804322510530319e-05,0.000000000000000000e+00
3.562499999999999857e-05,0.000000000000000000e+00,0.000000000000000000e+00,2.381840238264358754e-05,0.000000000000000000e+00
3.750000000000000349e-05,0.000000000000000000e+00,0.000000000000000000e+00,2.381878091432046361e-05,0.000000000000000000e+00
3.937500000000000163e-05,0.000000000000000000e+00,0.000000000000000000e+00,2.381917882266535474e-05,0.000000000000000000e+00
4.124999999999999977e-05,0.000000000000000000e+00,0.000000000000000000e+00,2.381959611033699909e-05,0.000000000000000000e+00
4.312499999999999792e-05,0.000000000000000000e+00,0.000000000000000000e+00,2.382003278012337173e-05,0.000000000000000000e+00
4.500000000000000283e-05,0.000000000000000000e+00,0.000000000000000000e+00,2.382048883494192857e-05,0.000000000000000000e+00
4.687500000000000098e-05,0.000000000000000000e+00,0.000000000000000000e+00,2.382096427783966057e-05,0.000000000000000000e+00
4.874999999999999912e-05,0.000000000000000000e+00,0.000000000000000000e+00,2.382145911199297516e-05,0.000000000000000000e+00
5.062500000000000404e-05,0.000000000000000000e+00,0.000000000000000000e+00,2.382197334070786904e-05,0.000000000000000000e+00
5.250000000000000218e-05,0.000000000000000000e+00,0.000000000000000000e+00,2.382250696741995189e-05,0.000000000000000000e+00
5.437500000000000032e-05,0.000000000000000000e+00,0.000000000000000000e+00,2.382305999569465644e-05,0.000000000000000000e+00
5.624999999999999846e-05,0.000000000000000000e+00,0.000000000000000000e+00,2.382363242922705551e-05,0.000000000000000000e+00
5.812500000000000338e-05,0.000000000000000000e+00,0.000000000000000000e+00,2.382422427184207204e-05,0.000000000000000000e+00
6.000000000000000152e-05,0.000000000000000000e+00,0.000000000000000000e+00,2.382483552749462485e-05,0.000000000000000000e+00
6.187499999999999966e-05,0.000000000000000000e+00,0.000000000000000000e+00,2.382546620026950660e-05,0.000000000000000000e+00
6.375000000000000458e-05,0.000000000000000000e+00,0.000000000000000000e+00,2.382611629438172605e-05,0.000000000000000000e+00
6.562499999999999595e-05,0.000000000000000000e+00,0.000000000000000000e+00,2.382678581417623016e-05,0.000000000000000000e+00
6.750000000000000086e-05,0.000000000000000000e+00,0.000000000000000000e+00,2.382747476412837851e-05,0.000000000000000000e+00
6.937500000000000578e-05,0.000000000000000000e+00,0.000000000000000000e+00,2.382818314884365524e-05,0.000000000000000000e+00
7.124999999999999715e-05,0.000000000000000000e+00,0.000000000000000000e+00,2.382891097305812989e-05,0.000000000000000000e+00
7.312500000000000206e-05,0.000000000000000000e+00,0.000000000000000000e+00,2.382965824163815242e-05,0.000000000000000000e+00
7.500000000000000698e-05,0.000000000000000000e+00,0.000000000000000000e+00,2.383042495958074628e-05,0.000000000000000000e+00
7.687499999999999835e-05,0.000000000000000000e+00,0.000000000000000000e+00,2.383121113201374050e-05,0.000000000000000000e+00
7.875000000000000327e-05,0.000000000000000000e+00,0.000000000000000000e+00,2.383201676419535300e-05,0.000000000000000000e+00
8.062500000000000818e-05,0.000000000000000000e+00,0.000000000000000000e+00,2.383284186151506128e-05,0.000000000000000000e+00
8.249999999999999955e-05,0.000000000000000000e+00,0.000000000000000000e+00,2.383368642949301635e-05,0.000000000000000000e+00
8.437500000000000447e-05,0.000000000000000000e+00,0.000000000000000000e+00,2.383455047378056104e-05,0.000000000000000000e+00
8.624999999999999583e-05,0.000000000000000000e+00,0.000000000000000000e+00,2.383543400016023003e-05,0.000000000000000000e+00
8.812500000000000075e-05,0.000000000000000000e+00,0.000000000000000000e+00,2.383633701454576341e-05,0.000000000000000000e+00
9.000000000000000567e-05,0.000000000000000000e+00,0.000000000000000000e+00,2.383725952298231337e-05,0.000000000000000000e+00
9.187499999999999703e-05,0.000000000000000000e+00,0.000000000000000000e+00,2.383820153164654580e-05,0.000000000000000000e+00
9.375000000000000195e-05,0.000000000000000000e+00,0.000000000000000000e+00,2.383916304684667757e-05,0.000000000000000000e+00
9.562500000000000687e-05,0.000000000000000000e+00,0.000000000000000000e+00,2.384014407502287638e-05,0.000000000000000000e+00
9.749999999999999823e-05,0.000000000000000000e+00,0.000000000000000000e+00,2.384114462274686429e-05,0.000000000000000000e+00
9.937500000000000315e-05,0.000000000000000000e+00,0.000000000000000000e+00,2.384216469672260891e-05,0.000000000000000000e+00
1.012500000000000081e-04,0.000000000000000000e+00,0.000000000000000000e+00,2.384320430378601851e-05,0.000000000000000000e+00
1.031249999999999994e-04,0.000000000000000000e+00,0.000000000000000000e+00,2.384426345090519944e-05,0.000000000000000000e+00
1.050000000000000044e-04,0.000000000000000000e+00,0.000000000000000000e+00,2.384534214518091363e-05,0.000000000000000000e+00
1.068750000000000093e-04,0.000000000000000000e+00,0.000000000000000000e+00,2.384644039384608720e-05,0.000000000000000000e+00
1.087500000000000006e-04,0.000000000000000000e+00,0.000000000000000000e+00,2.384755820426643396e-05,0.000000000000000000e+00
1.106250000000000056e-04,0.000000000000000000e+00,0.000000000000000000e+00,2.384869558394048927e-05,0.000000000000000000e+00
1.124999999999999969e-04,0.000000000000000000e+00,0.000000000000000000e+00,2.384985254049960324e-05,0.000000000000000000e+00
1.143750000000000018e-04,0.000000000000000000e+00,0.000000000000000000e+00,2.385102908170825585e-05,0.000000000000000000e+00
1.162500000000000068e-04,0.000000000000000000e+00,0.000000000000000000e+00,2.385222521546406031e-05,0.000000000000000000e+00
1.181249999999999981e-04,0.000000000000000000e+00,0.000000000000000000e+00,2.385344094979810532e-05,0.000000000000000000e+00
1.200000000000000030e-04,0.000000000000000000e+00,0.000000000000000000e+00,2.385467629287486353e-05,0.000000000000000000e+00
1.218750000000000080e-04,0.000000000000000000e+00,0.000000000000000000e+00,2.385593125299251681e-05,0.000000000000000000e+00
1.237499999999999993e-04,0.000000000000000000e+00,0.000000000000000000e+00,2.385720583858307487e-05,0.000000000000000000e+00
1.256250000000000042e-04,0.000000000000000000e+00,0.000000000000000000e+00,2.385850005821256496e-05,0.000000000000000000e+00
1.275000000000000092e-04,0.000000000000000000e+00,0.000000000000000000e+00,2.385981392058103868e-05,0.000000000000000000e+00
1.293750000000000141e-04,0.000000000000000000e+00,0.000000000000000000e+00,2.386114743452299883e-05,0.000000000000000000e+00
1.312499999999999919e-04,0.000000000000000000e+00,0.000000000000000000e+00,2.386250060900723684e-05,0.000000000000000000e+00
1.331249999999999968e-04,0.000000000000000000e+00,0.000000000000000000e+00,2.386387345313740194e-05,0.000000000000000000e+00
1.350000000000000017e-04,0.000000000000000000e+00,0.000000000000000000e+00,2.386526597615178094e-05,0.000000000000000000e+00
1.368750000000000066e-04,0.000000000000000000e+00,0.000000000000000000e+00,2.386667818742370481e-05,0.000000000000000000e+00
1.387500000000000116e-04,0.000000000000000000e+00,0.000000000000000000e+00,2.386811009646168082e-05,0.000000000000000000e+00
1.406250000000000165e-04,0.000000000000000000e+00,0.000000000000000000e+00,2.386956171290947722e-05,0.000000000000000000e+00
1.424999999999999943e-04,0.000000000000000000e+00,0.000000000000000000e+00,2.387103304654658066e-05,0.000000000000000000e+00
1.443749999999999992e-04,0.000000000000000000e+00,0.000000000000000000e+00,2.387252410728803019e-05,0.000000000000000000e+00
1.462500000000000041e-04,0.000000000000000000e+00,0.000000000000000000e+00,2.387403490518485766e-05,0.000000000000000000e+00
1.481250000000000090e-04,0.000000000000000000e+00,0.000000000000000000e+00,2.387556545042407422e-05,0.000000000000000000e+00
1.500000000000000140e-04,0.000000000000000000e+00,0.000000000000000000e+00,2.387711575332904977e-05,0.000000000000000000e+00
1.518749999999999918e-04,0.000000000000000000e+00,0.000000000000000000e+00,2.387868582435962817e-05,0.000000000000000000e+00
1.537499999999999967e-04,0.000000000000000000e+00,0.000000000000000000e+00,2.388027567411238130e-05,0.000000000000000000e+00
1.556250000000000016e-04,0.000000000000000000e+00,0.000000000000000000e+00,2.388188531332069724e-05,0.000000000000000000e+00
1.575000000000000065e-04,0.000000000000000000e+00,0.000000000000000000e+00,2.388351475285506139e-05,0.000000000000000000e+00
1.593750000000000114e-04,0.000000000000000000e+00,0.000000000000000000e+00,2.388516400372321240e-05,0.000000000000000000e+00
1.612500000000000164e-04,0.000000000000000000e+00,0.000000000000000000e+00,2.388683307707055887e-05,0.000000000000000000e+00
1.631249999999999942e-04,0.000000000000000000e+00,0.000000000000000000e+00,2.388852198418000655e-05,0.000000000000000000e+00
1.649999999999999991e-04,0.000000000000000000e+00,0.000000000000000000e+00,2.389023073647251403e-05,0.000000000000000000e+00
1.668750000000000040e-04,0.000000000000000000e+00,0.000000000000000000e+00,2.389195934550719435e-05,0.000000000000000000e+00
1.687500000000000089e-04,0.000000000000000000e+00,0.000000000000000000e+00,2.389370782298148442e-05,0.000000000000000000e+00
1.706250000000000139e-04,0.000000000000000000e+00,0.000000000000000000e+00,2.389547618073140252e-05,0.000000000000000000e+00
1.724999999999999917e-04,0.000000000000000000e+00,0.000000000000000000e+00,2.389726443073192098e-05,0.000000000000000000e+00
1.743749999999999966e-04,0.000000000000000000e+00,0.000000000000000000e+00,2.389907258509684084e-05,0.000000000000000000e+00
1.762500000000000015e-04,0.000000000000000000e+00,0.000000000000000000e+00,2.390090065607933055e-05,0.000000000000000000e+00
1.781250000000000064e-04,0.000000000000000000e+00,0.000000000000000000e+00,2.390274865607221736e-05,0.000000000000000000e+00
1.800000000000000113e-04,0.000000000000000000e+00,0.000000000000000000e+00,2.390461659760788904e-05,0.000000000000000000e+00
1.818750000000000163e-04,0.000000000000000000e+00,0.000000000000000000e+00,2.390650449335882246e-05,0.000000000000000000e+00
1.837499999999999941e-04,0.000000000000000000e+00,0.000000000000000000e+00,2.390841235613761745e-05,0.000000000000000000e+00
1.856249999999999990e-04,0.000000000000000000e+00,0.000000000000000000e+00,2.391034019889752197e-05,0.000000000000000000e+00
1.875000000000000039e-04,0.000000000000000000e+00,0.000000000000000000e+00,2.391228803473241515e-05,0.000000000000000000e+00
1.893750000000000088e-04,0.000000000000000000e+00,0.000000000000000000e+00,2.391425587687718004e-05,0.000000000000000000e+00
1.912500000000000137e-04,0.000000000000000000e+00,0.000000000000000000e+00,2.391624373870788648e-05,0.000000000000000000e+00
1.931249999999999916e-04,0.000000000000000000e+00,0.000000000000000000e+00,2.391825163374211645e-05,0.000000000000000000e+00
1.949999999999999965e-04,0.000000000000000000e+00,0.000000000000000000e+00,2.392027957563931298e-05,0.000000000000000000e+00
1.968750000000000014e-04,0.000000000000000000e+00,0.000000000000000000e+00,2.392232757820074294e-05,0.000000000000000000e+00
1.987500000000000063e-04,0.000000000000000000e+00,0.000000000000000000e+00,2.392439565537015427e-05,0.000000000000000000e+00
2.006250000000000112e-04,0.000000000000000000e+00,0.000000000000000000e+00,2.392648382123366423e-05,0.000000000000000000e+00
2.025000000000000161e-04,0.000000000000000000e+00,0.000000000000000000e+00,2.392859209002028793e-05,0.000000000000000000e+00
2.043749999999999940e-04,0.000000000000000000e+00,0.000000000000000000e+00,2.393072047610216870e-05,0.000000000000000000e+00
2.062499999999999989e-04,0.000000000000000000e+00,0.000000000000000000e+00,2.393286899399481529e-05,0.000000000000000000e+00
2.081250000000000038e-04,0.000000000000000000e+00,0.000000000000000000e+00,2.393503765835732888e-05,0.000000000000000000e+00
2.100000000000000087e-04,0.000000000000000000e+00,0.000000000000000000e+00,2.393722648399288413e-05,0.000000000000000000e+00
2.118750000000000136e-04,0.000000000000000000e+00,0.000000000000000000e+00,2.393943548584869541e-05,0.000000000000000000e+00
2.137500000000000185e-04,0.000000000000000000e+00,0.000000000000000000e+00,2.394166467901661299e-05,0.000000000000000000e+00
2.156249999999999964e-04,0.000000000000000000e+00,0.000000000000000000e+00,2.394391407873326205e-05,0.000000000000000000e+00
2.175000000000000013e-04,0.000000000000000000e+00,0.000000000000000000e+00,2.394618370038038144e-05,0.000000000000000000e+00
2.193750000000000062e-04,0.000000000000000000e+00,0.000000000000000000e+00,2.394847355948509813e-05,0.000000000000000000e+00
2.212500000000000111e-04,0.000000000000000000e+00,0.000000000000000000e+00,2.395078367172025248e-05,0.000000000000000000e+00
2.231250000000000160e-04,0.000000000000000000e+00,0.000000000000000000e+00,2.395311405290470317e-05,0.000000000000000000e+00
2.249999999999999938e-04,0.000000000000000000e+00,0.000000000000000000e+00,2.395546471900359824e-05,0.000000000000000000e+00
2.268749999999999988e-04,0.000000000000000000e+00,0.000000000000000000e+00,2.395783568612878166e-05,0.000000000000000000e+00
2.287500000000000037e-04,0.000000000000000000e+00,0.000000000000000000e+00,2.396022697053884419e-05,0.000000000000000000e+00
2.306250000000000086e-04,0.000000000000000000e+00,0.000000000000000000e+00,2.396263858863988228e-05,0.000000000000000000e+00
2.325000000000000135e-04,0.000000000000000000e+00,0.000000000000000000e+00,2.396507055698543709e-05,0.000000000000000000e+00
2.343750000000000184e-04,0.000000000000000000e+00,0.000000000000000000e+00,2.396752289227692143e-05,0.000000000000000000e+00
2.362499999999999962e-04,0.000000000000000000e+00,0.000000000000000000e+00,2.396999561136408389e-05,0.000000000000000000e+00
2.381250000000000012e-04,0.000000000000000000e+00,0.000000000000000000e+00,2.397248873124510372e-05,0.000000000000000000e+00
2.400000000000000061e-04,0.000000000000000000e+00,0.000000000000000000e+00,2.397500226906720748e-05,0.000000000000000000e+00
2.418750000000000110e-04,0.000000000000000000e+00,0.000000000000000000e+00,2.397753624212665212e-05,0.000000000000000000e+00
2.437500000000000159e-04,0.000000000000000000e+00,0.000000000000000000e+00,2.398009066786943304e-05,0.000000000000000000e+00
2.456250000000000208e-04,0.000000000000000000e+00,0.000000000000000000e+00,2.398266556389133495e-05,0.000000000000000000e+00
2.474999999999999986e-04,0.000000000000000000e+00,0.000000000000000000e+00,2.398526094793849094e-05,0.000000000000000000e+00
2.493750000000000307e-04,0.000000000000000000e+00,0.000000000000000000e+00,2.398787683790748744e-05,0.000000000000000000e+00
2.512500000000000085e-04,0.000000000000000000e+00,0.000000000000000000e+00,2.399051325184607919e-05,0.000000000000000000e+00
2.531249999999999863e-04,0.000000000000000000e+00,0.000000000000000000e+00,2.399317020795310447e-05,0.000000000000000000e+00
2.550000000000000183e-04,0.000000000000000000e+00,0.000000000000000000e+00,2.399584772457921360e-05,0.000000000000000000e+00
2.568749999999999961e-04,0.000000000000000000e+00,0.000000000000000000e+00,2.399854582022706206e-05,0.000000000000000000e+00
2.587500000000000282e-04,0.000000000000000000e+00,0.000000000000000000e+00,2.400126451355161537e-05,0.000000000000000000e+00
2.606250000000000060e-04,0.000000000000000000e+00,0.000000000000000000e+00,2.400400382336073869e-05,0.000000000000000000e+00
2.624999999999999838e-04,0.000000000000000000e+00,0.000000000000000000e+00,2.400676376861529164e-05,0.000000000000000000e+00
2.643750000000000158e-04,0.000000000000000000e+00,0.000000000000000000e+00,2.400954436842974159e-05,0.000000000000000000e+00
2.662499999999999936e-04,0.000000000000000000e+00,0.000000000000000000e+00,2.401234564207244823e-05,0.000000000000000000e+00
2.681250000000000256e-04,0.000000000000000000e+00,0.000000000000000000e+00,2.401516760896590076e-05,0.000000000000000000e+00
2.700000000000000035e-04,0.000000000000000000e+00,0.000000000000000000e+00,2.401801028868739212e-05,0.000000000000000000e+00
2.718749999999999813e-04,0.000000000000000000e+00,0.000000000000000000e+00,2.402087370096925954e-05,0.000000000000000000e+00
2.737500000000000133e-04,0.000000000000000000e+00,0.000000000000000000e+00,2.402375786569908446e-05,0.000000000000000000e+00
2.756249999999999911e-04,0.000000000000000000e+00,0.000000000000000000e+00,2.402666280292056666e-05,0.000000000000000000e+00
2.775000000000000231e-04,0.000000000000000000e+00,0.000000000000000000e+00,2.402958853283335483e-05,0.000000000000000000e+00
2.793750000000000009e-04,0.000000000000000000e+00,0.000000000000000000e+00,2.403253507579396480e-05,0.000000000000000000e+00
2.812500000000000330e-04,0.000000000000000000e+00,0.000000000000000000e+00,2.403550245231574561e-05,0.000000000000000000e+00
2.831250000000000108e-04,0.000000000000000000e+00,0.000000000000000000e+00,2.403849068306968591e-05,0.000000000000000000e+00
2.849999999999999886e-04,0.000000000000000000e+00,0.000000000000000000e+00,2.404149978888446820e-05,0.000000000000000000e+00
2.868750000000000206e-04,0.000000000000000000e+00,0.000000000000000000e+00,2.404452979074713959e-05,0.000000000000000000e+00
2.887499999999999984e-04,0.000000000000000000e+00,0.000000000000000000e+00,2.404758070980346428e-05,0.000000000000000000e+00
2.906250000000000304e-04,0.000000000000000000e+00,0.000000000000000000e+00,2.405065256735817420e-05,0.000000000000000000e+00
2.925000000000000083e-04,0.000000000000000000e+00,0.000000000000000000e+00,2.405374538487579572e-05,0.000000000000000000e+00
2.943749999999999861e-04,0.000000000000000000e+00,0.000000000000000000e+00,2.405685918398063278e-05,0.000000000000000000e+00
2.962500000000000181e-04,0.000000000000000000e+00,0.000000000000000000e+00,2.405999398645746474e-05,0.000000000000000000e+00
2.981249999999999959e-04,0.000000000000000000e+00,0.000000000000000000e+00,2.406314981425195982e-05,0.000000000000000000e+00
3.000000000000000279e-04,0.000000000000000000e+00,0.000000000000000000e+00,2.406632668947097321e-05,0.000000000000000000e+00
3.018750000000000057e-04,0.000000000000000000e+00,0.000000000000000000e+00,2.406952463438317727e-05,0.000000000000000000e+00
3.037499999999999836e-04,0.000000000000000000e+00,0.000000000000000000e+00,2.407274367141954945e-05,0.000000000000000000e+00
3.056250000000000156e-04,0.000000000000000000e+00,0.000000000000000000e+00,2.407598382317340950e-05,0.000000000000000000e+00
3.074999999999999934e-04,0.000000000000000000e+00,0.000000000000000000e+00,2.407924511240147324e-05,0.000000000000000000e+00
3.093750000000000254e-04,0.000000000000000000e+00,0.000000000000000000e+00,2.408252756202377458e-05,0.000000000000000000e+00
3.112500000000000032e-04,0.000000000000000000e+00,0.000000000000000000e+00,2.408583119512456344e-05,0.000000000000000000e+00
3.131249999999999810e-04,0.000000000000000000e+00,0.000000000000000000e+00,2.408915603495248185e-05,0.000000000000000000e+00
3.150000000000000131e-04,0.000000000000000000e+00,0.000000000000000000e+00,2.409250210492109258e-05,0.000000000000000000e+00
3.168749999999999909e-04,0.000000000000000000e+00,0.000000000000000000e+00,2.409586942860950250e-05,0.000000000000000000e+00
3.187500000000000229e-04,0.000000000000000000e+00,0.000000000000000000e+00,2.409925802976261672e-05,0.000000000000000000e+00
3.206250000000000007e-04,0.000000000000000000e+00,0.000000000000000000e+00,2.410266793229179924e-05,0.000000000000000000e+00
3.225000000000000327e-04,0.000000000000000000e+00,0.000000000000000000e+00,2.410609916027538124e-05,0.000000000000000000e+00
3.243750000000000105e-04,0.000000000000000000e+00,0.000000000000000000e+00,2.410955173795887444e-05,0.000000000000000000e+00
3.262499999999999884e-04,0.000000000000000000e+00,0.000000000000000000e+00,2.411302568975593001e-05,0.000000000000000000e+00
3.281250000000000204e-04,0.000000000000000000e+00,0.000000000000000000e+00,2.411652104024827078e-05,0.000000000000000000e+00
3.299999999999999982e-04,0.000000000000000000e+00,0.000000000000000000e+00,2.412003781418667382e-05,0.000000000000000000e+00
3.318750000000000302e-04,0.000000000000000000e+00,0.000000000000000000e+00,2.412357603649131939e-05,0.000000000000000000e+00
3.337500000000000080e-04,0.000000000000000000e+00,0.000000000000000000e+00,2.412713573225220429e-05,0.000000000000000000e+00
3.356249999999999858e-04,0.000000000000000000e+00,0.000000000000000000e+00,2.413071692672974836e-05,0.000000000000000000e+00
3.375000000000000179e-04,0.000000000000000000e+00,0.000000000000000000e+00,2.413431964535531286e-05,0.000000000000000000e+00
3.393749999999999957e-04,0.000000000000000000e+00,0.000000000000000000e+00,2.413794391373166125e-05,0.000000000000000000e+00
3.412500000000000277e-04,0.000000000000000000e+00,0.000000000000000000e+00,2.414158975763366051e-05,0.000000000000000000e+00
3.431250000000000055e-04,0.000000000000000000e+00,0.000000000000000000e+00,2.414525720300850480e-05,0.000000000000000000e+00
3.449999999999999833e-04,0.000000000000000000e+00,0.000000000000000000e+00,2.414894627597657264e-05,0.000000000000000000e+00
3.468750000000000154e-04,0.000000000000000000e+00,0.000000000000000000e+00,2.415265700283181314e-05,0.000000000000000000e+00
3.487499999999999932e-04,0.000000000000000000e+00,0.000000000000000000e+00,2.415638941004225084e-05,0.000000000000000000e+00
3.506250000000000252e-04,0.000000000000000000e+00,0.000000000000000000e+00,2.416014352425056511e-05,0.000000000000000000e+00
3.525000000000000030e-04,0.000000000000000000e+00,0.000000000000000000e+00,2.416391937227473045e-05,0.000000000000000000e+00
3.543750000000000350e-04,0.000000000000000000e+00,0.000000000000000000e+00,2.416771698110858237e-05,0.000000000000000000e+00
3.562500000000000128e-04,0.000000000000000000e+00,0.000000000000000000e+00,2.417153637792205113e-05,0.000000000000000000e+00
3.581249999999999906e-04,0.000000000000000000e+00,0.000000000000000000e+00,2.417537759006221546e-05,0.000000000000000000e+00
3.600000000000000227e-04,0.000000000000000000e+00,0.000000000000000000e+00,2.417924064505356344e-05,0.000000000000000000e+00
3.618750000000000005e-04,0.000000000000000000e+00,0.000000000000000000e+00,2.418312557059861933e-05,0.000000000000000000e+00
3.637500000000000325e-04,0.000000000000000000e+00,0.000000000000000000e+00,2.418703239457856017e-05,0.000000000000000000e+00
3.656250000000000103e-04,0.000000000000000000e+00,0.000000000000000000e+00,2.419096114505374435e-05,0.000000000000000000e+00
3.674999999999999881e-04,0.000000000000000000e+00,0.000000000000000000e+00,2.419491185026439943e-05,0.000000000000000000e+00
3.693750000000000202e-04,0.000000000000000000e+00,0.000000000000000000e+00,2.419888453863107270e-05,0.000000000000000000e+00
3.712499999999999980e-04,0.000000000000000000e+00,0.000000000000000000e+00,2.420287923875544099e-05,0.000000000000000000e+00
3.731250000000000300e-04,0.000000000000000000e+00,0.000000000000000000e+00,2.420689597942057492e-05,0.000000000000000000e+00
3.750000000000000078e-04,0.000000000000000000e+00,0.000000000000000000e+00,2.421093478959190454e-05,0.000000000000000000e+00
3.768749999999999856e-04,0.000000000000000000e+00,0.000000000000000000e+00,2.421499569841764960e-05,0.000000000000000000e+00
3.787500000000000176e-04,0.000000000000000000e+00,0.000000000000000000e+00,2.421907873522936166e-05,0.000000000000000000e+00
3.806249999999999955e-04,0.000000000000000000e+00,0.000000000000000000e+00,2.422318392954269999e-05,0.000000000000000000e+00
3.825000000000000275e-04,0.000000000000000000e+00,0.000000000000000000e+00,2.422731131105801769e-05,0.000000000000000000e+00
3.843750000000000053e-04,0.000000000000000000e+00,0.000000000000000000e+00,2.423146090966092072e-05,0.000000000000000000e+00
3.862499999999999831e-04,0.000000000000000000e+00,0.000000000000000000e+00,2.423563275542294220e-05,0.000000000000000000e+00
3.881250000000000151e-04,0.000000000000000000e+00,0.000000000000000000e+00,2.423982687860227079e-05,0.000000000000000000e+00
3.899999999999999929e-04,0.000000000000000000e+00,0.000000000000000000e+00,2.424404330964409292e-05,0.000000000000000000e+00
3.918750000000000250e-04,0.000000000000000000e+00,0.000000000000000000e+00,2.424828207918170413e-05,0.000000000000000000e+00
3.937500000000000028e-04,0.000000000000000000e+00,0.000000000000000000e+00,2.425254321803678003e-05,0.000000000000000000e+00
3.956250000000000348e-04,0.000000000000000000e+00,0.000000000000000000e+00,2.425682675722014891e-05,0.000000000000000000e+00
3.975000000000000126e-04,0.000000000000000000e+00,0.000000000000000000e+00,2.426113272793254381e-05,0.000000000000000000e+00
3.993749999999999904e-04,0.000000000000000000e+00,0.000000000000000000e+00,2.426546116156509723e-05,0.000000000000000000e+00
4.012500000000000224e-04,0.000000000000000000e+00,0.000000000000000000e+00,2.426981208970017801e-05,0.000000000000000000e+00
4.031250000000000003e-04,0.000000000000000000e+00,0.000000000000000000e+00,2.427418554411205876e-05,0.000000000000000000e+00
4.050000000000000323e-04,0.000000000000000000e+00,0.000000000000000000e+00,2.427858155676738681e-05,0.000000000000000000e+00
4.068750000000000101e-04,0.000000000000000000e+00,0.000000000000000000e+00,2.428300015982607873e-05,0.000000000000000000e+00
4.087499999999999879e-04,0.000000000000000000e+00,0.000000000000000000e+00,2.428744138564213002e-05,0.000000000000000000e+00
4.106250000000000199e-04,0.000000000000000000e+00,0.000000000000000000e+00,2.429190526676386927e-05,0.000000000000000000e+00
4.124999999999999977e-04,0.000000000000000000e+00,0.000000000000000000e+00,2.429639183593507962e-05,0.000000000000000000e+00
4.143750000000000298e-04,0.000000000000000000e+00,0.000000000000000000e+00,2.430090112609556457e-05,0.000000000000000000e+00
4.162500000000000076e-04,0.000000000000000000e+00,0.000000000000000000e+00,2.430543317038186965e-05,0.000000000000000000e+00
4.181249999999999854e-04,0.000000000000000000e+00,0.000000000000000000e+00,2.430998800212782793e-05,0.000000000000000000e+00
4.200000000000000174e-04,0.000000000000000000e+00,0.000000000000000000e+00,2.431456565486569163e-05,0.000000000000000000e+00
4.218749999999999952e-04,0.000000000000000000e+00,0.000000000000000000e+00,2.431916616232634898e-05,0.000000000000000000e+00
4.237500000000000273e-04,0.000000000000000000e+00,0.000000000000000000e+00,2.432378955844054054e-05,0.000000000000000000e+00
4.256250000000000051e-04,0.000000000000000000e+00,0.000000000000000000e+00,2.432843587733924209e-05,0.000000000000000000e+00
4.275000000000000371e-04,0.000000000000000000e+00,0.000000000000000000e+00,2.433310515335461666e-05,0.000000000000000000e+00
4.293750000000000149e-04,0.000000000000000000e+00,0.000000000000000000e+00,2.433779742102062780e-05,0.000000000000000000e+00
4.312499999999999927e-04,0.000000000000000000e+00,0.000000000000000000e+00,2.434251271507385613e-05,0.000000000000000000e+00
4.331250000000000247e-04,0.000000000000000000e+00,0.000000000000000000e+00,2.434725107045433278e-05,0.000000000000000000e+00
4.350000000000000026e-04,0.000000000000000000e+00,0.000000000000000000e+00,2.435201252230624079e-05,0.000000000000000000e+00
4.368750000000000346e-04,0.000000000000000000e+00,0.000000000000000000e+00,2.435679710597859948e-05,0.000000000000000000e+00
4.387500000000000124e-04,0.000000000000000000e+00,0.000000000000000000e+00,2.436160485702620294e-05,0.000000000000000000e+00
4.406249999999999902e-04,0.000000000000000000e+00,0.000000000000000000e+00,2.436643581121021978e-05,0.000000000000000000e+00
4.425000000000000222e-04,0.000000000000000000e+00,0.000000000000000000e+00,2.437129000449924003e-05,0.000000000000000000e+00
4.443750000000000000e-04,0.000000000000000000e+00,0.000000000000000000e+00,2.437616747306981047e-05,0.000000000000000000e+00
4.462500000000000321e-04,0.000000000000000000e+00,0.000000000000000000e+00,2.438106825330735284e-05,0.000000000000000000e+00
4.481250000000000099e-04,0.000000000000000000e+00,0.000000000000000000e+00,2.438599238180702097e-05,0.000000000000000000e+00
4.499999999999999877e-04,0.000000000000000000e+00,0.000000000000000000e+00,2.439093989537442254e-05,0.000000000000000000e+00
4.518750000000000197e-04,0.000000000000000000e+00,0.000000000000000000e+00,2.439591083102639828e-05,0.000000000000000000e+00
4.537499999999999975e-04,0.000000000000000000e+00,0.000000000000000000e+00,2.440090522599204184e-05,0.000000000000000000e+00
4.556250000000000295e-04,0.000000000000000000e+00,0.000000000000000000e+00,2.440592311771326217e-05,0.000000000000000000e+00
4.575000000000000074e-04,0.000000000000000000e+00,0.000000000000000000e+00,2.441096454384588475e-05,0.000000000000000000e+00
4.593749999999999852e-04,0.000000000000000000e+00,0.000000000000000000e+00,2.441602954226031896e-05,0.000000000000000000e+00
4.612500000000000172e-04,0.000000000000000000e+00,0.000000000000000000e+00,2.442111815104242549e-05,0.000000000000000000e+00
4.631249999999999950e-04,0.000000000000000000e+00,0.000000000000000000e+00,2.442623040849442774e-05,0.000000000000000000e+00
4.650000000000000270e-04,0.000000000000000000e+00,0.000000000000000000e+00,2.443136635313578257e-05,0.000000000000000000e+00
4.668750000000000048e-04,0.000000000000000000e+00,0.000000000000000000e+00,2.443652602370390535e-05,0.000000000000000000e+00
4.687500000000000369e-04,0.000000000000000000e+00,0.000000000000000000e+00,2.444170945915524740e-05,0.000000000000000000e+00
4.706250000000000147e-04,0.000000000000000000e+00,0.000000000000000000e+00,2.444691669866608542e-05,0.000000000000000000e+00
4.724999999999999925e-04,0.000000000000000000e+00,0.000000000000000000e+00,2.445214778163327027e-05,0.000000000000000000e+00
4.743750000000000245e-04,0.000000000000000000e+00,0.000000000000000000e+00,2.445740274767533825e-05,0.000000000000000000e+00
4.762500000000000023e-04,0.000000000000000000e+00,0.000000000000000000e+00,2.446268163663331075e-05,0.000000000000000000e+00
4.781250000000000343e-04,0.000000000000000000e+00,0.000000000000000000e+00,2.446798448857158867e-05,0.000000000000000000e+00
4.800000000000000122e-04,0.000000000000000000e+00,0.000000000000000000e+00,2.447331134377886386e-05,0.000000000000000000e+00
4.818749999999999900e-04,0.000000000000000000e+00,0.000000000000000000e+00,2.447866224276907455e-05,0.000000000000000000e+00
4.837500000000000220e-04,0.000000000000000000e+00,0.000000000000000000e+00,2.448403722628226934e-05,0.000000000000000000e+00
4.856249999999999998e-04,0.000000000000000000e+00,0.000000000000000000e+00,2.448943633528558636e-05,0.000000000000000000e+00
4.875000000000000318e-04,0.000000000000000000e+00,0.000000000000000000e+00,2.449485961097424598e-05,0.000000000000000000e+00
4.893750000000000096e-04,0.000000000000000000e+00,0.000000000000000000e+00,2.450030709477226575e-05,0.000000000000000000e+00
4.912500000000000417e-04,0.000000000000000000e+00,0.000000000000000000e+00,2.450577882833371396e-05,0.000000000000000000e+00
4.931249999999999653e-04,0.000000000000000000e+00,0.000000000000000000e+00,2.451127485354347878e-05,0.000000000000000000e+00
4.949999999999999973e-04,0.000000000000000000e+00,0.000000000000000000e+00,2.451679521251829146e-05,0.000000000000000000e+00
4.968750000000000293e-04,0.000000000000000000e+00,0.000000000000000000e+00,2.452233994760762416e-05,0.000000000000000000e+00
4.987500000000000613e-04,0.000000000000000000e+00,0.000000000000000000e+00,2.452790910139476745e-05,0.000000000000000000e+00
5.006249999999999849e-04,0.000000000000000000e+00,0.000000000000000000e+00,2.453350271669788054e-05,0.000000000000000000e+00
5.025000000000000170e-04,0.000000000000000000e+00,0.000000000000000000e+00,2.453912083657063171e-05,0.000000000000000000e+00
5.043750000000000490e-04,0.000000000000000000e+00,0.000000000000000000e+00,2.454476350430373309e-05,0.000000000000000000e+00
5.062499999999999726e-04,0.000000000000000000e+00,0.000000000000000000e+00,2.455043076342538791e-05,0.000000000000000000e+00
5.081250000000000046e-04,0.000000000000000000e+00,0.000000000000000000e+00,2.455612265770280161e-05,0.000000000000000000e+00
5.100000000000000366e-04,0.000000000000000000e+00,0.000000000000000000e+00,2.456183923114285268e-05,0.000000000000000000e+00
5.118749999999999602e-04,0.000000000000000000e+00,0.000000000000000000e+00,2.456758052799325480e-05,0.000000000000000000e+00
5.137499999999999923e-04,0.000000000000000000e+00,0.000000000000000000e+00,2.457334659274360375e-05,0.000000000000000000e+00
5.156250000000000243e-04,0.000000000000000000e+00,0.000000000000000000e+00,2.457913747012644131e-05,0.000000000000000000e+00
5.175000000000000563e-04,0.000000000000000000e+00,0.000000000000000000e+00,2.458495320511820732e-05,0.000000000000000000e+00
5.193749999999999799e-04,0.000000000000000000e+00,0.000000000000000000e+00,2.459079384294025612e-05,0.000000000000000000e+00
5.212500000000000119e-04,0.000000000000000000e+00,0.000000000000000000e+00,2.459665942906031681e-05,0.000000000000000000e+00
5.231250000000000440e-04,0.000000000000000000e+00,0.000000000000000000e+00,2.460255000919290324e-05,0.000000000000000000e+00
5.249999999999999676e-04,0.000000000000000000e+00,0.000000000000000000e+00,2.460846562930103519e-05,0.000000000000000000e+00
5.268749999999999996e-04,0.000000000000000000e+00,0.000000000000000000e+00,2.461440633559696677e-05,0.000000000000000000e+00
5.287500000000000316e-04,0.000000000000000000e+00,0.000000000000000000e+00,2.462037217454332490e-05,0.000000000000000000e+00
5.306250000000000636e-04,0.000000000000000000e+00,0.000000000000000000e+00,2.462636319285430866e-05,0.000000000000000000e+00
5.324999999999999872e-04,0.000000000000000000e+00,0.000000000000000000e+00,2.463237943749673961e-05,0.000000000000000000e+00
5.343750000000000193e-04,0.000000000000000000e+00,0.000000000000000000e+00,2.463842095569110537e-05,0.000000000000000000e+00
5.362500000000000513e-04,0.000000000000000000e+00,0.000000000000000000e+00,2.464448779491296905e-05,0.000000000000000000e+00
5.381249999999999749e-04,0.000000000000000000e+00,0.000000000000000000e+00,2.465058000289372821e-05,0.000000000000000000e+00
5.400000000000000069e-04,0.000000000000000000e+00,0.000000000000000000e+00,2.465669762762201752e-05,0.000000000000000000e+00
5.418750000000000389e-04,0.000000000000000000e+00,0.000000000000000000e+00,2.466284071734480658e-05,0.000000000000000000e+00
5.437499999999999625e-04,0.000000000000000000e+00,0.000000000000000000e+00,2.466900932056851790e-05,0.000000000000000000e+00
5.456249999999999946e-04,0.000000000000000000e+00,0.000000000000000000e+00,2.467520348606014170e-05,0.000000000000000000e+00
5.475000000000000266e-04,0.000000000000000000e+00,0.000000000000000000e+00,2.468142326284854365e-05,0.000000000000000000e+00
5.493750000000000586e-04,0.000000000000000000e+00,0.000000000000000000e+00,2.468766870022568805e-05,0.000000000000000000e+00
5.512499999999999822e-04,0.000000000000000000e+00,0.000000000000000000e+00,2.469393984774767114e-05,0.000000000000000000e+00
5.531250000000000142e-04,0.000000000000000000e+00,0.000000000000000000e+00,2.470023675523585959e-05,0.000000000000000000e+00
5.550000000000000462e-04,0.000000000000000000e+00,0.000000000000000000e+00,2.470655947277840831e-05,0.000000000000000000e+00
5.568749999999999699e-04,0.000000000000000000e+00,0.000000000000000000e+00,2.471290805073129049e-05,0.000000000000000000e+00
5.587500000000000019e-04,0.000000000000000000e+00,0.000000000000000000e+00,2.471928253971944955e-05,0.000000000000000000e+00
5.606250000000000339e-04,0.000000000000000000e+00,0.000000000000000000e+00,2.472568299063821878e-05,0.000000000000000000e+00
5.625000000000000659e-04,0.000000000000000000e+00,0.000000000000000000e+00,2.473210945465437839e-05,0.000000000000000000e+00
5.643749999999999895e-04,0.000000000000000000e+00,0.000000000000000000e+00,2.473856198320764974e-05,0.000000000000000000e+00
5.662500000000000215e-04,0.000000000000000000e+00,0.000000000000000000e+00,2.474504062801166770e-05,0.000000000000000000e+00
5.681250000000000536e-04,0.000000000000000000e+00,0.000000000000000000e+00,2.475154544105556630e-05,0.000000000000000000e+00
5.699999999999999772e-04,0.000000000000000000e+00,0.000000000000000000e+00,2.475807647460492061e-05,0.000000000000000000e+00
5.718750000000000092e-04,0.000000000000000000e+00,0.000000000000000000e+00,2.476463378120339343e-05,0.000000000000000000e+00
5.737500000000000412e-04,0.000000000000000000e+00,0.000000000000000000e+00,2.477121741367375844e-05,0.000000000000000000e+00
5.756249999999999648e-04,0.000000000000000000e+00,0.000000000000000000e+00,2.477782742511936730e-05,0.000000000000000000e+00
5.774999999999999968e-04,0.000000000000000000e+00,0.000000000000000000e+00,2.478446386892533209e-05,0.000000000000000000e+00
5.793750000000000289e-04,0.000000000000000000e+00,0.000000000000000000e+00,2.479112679876011437e-05,0.000000000000000000e+00
5.812500000000000609e-04,0.000000000000000000e+00,0.000000000000000000e+00,2.479781626857640944e-05,0.000000000000000000e+00
5.831249999999999845e-04,0.000000000000000000e+00,0.000000000000000000e+00,2.480453233261309794e-05,0.000000000000000000e+00
5.850000000000000165e-04,0.000000000000000000e+00,0.000000000000000000e+00,2.481127504539600140e-05,0.000000000000000000e+00
5.868750000000000485e-04,0.000000000000000000e+00,0.000000000000000000e+00,2.481804446173978973e-05,0.000000000000000000e+00
5.887499999999999721e-04,0.000000000000000000e+00,0.000000000000000000e+00,2.482484063674888589e-05,0.000000000000000000e+00
5.906250000000000042e-04,0.000000000000000000e+00,0.000000000000000000e+00,2.483166362581913281e-05,0.000000000000000000e+00
5.925000000000000362e-04,0.000000000000000000e+00,0.000000000000000000e+00,2.483851348463914869e-05,0.000000000000000000e+00
5.943750000000000682e-04,0.000000000000000000e+00,0.000000000000000000e+00,2.484539026919175674e-05,0.000000000000000000e+00
5.962499999999999918e-04,0.000000000000000000e+00,0.000000000000000000e+00,2.485229403575521512e-05,0.000000000000000000e+00
5.981250000000000238e-04,0.000000000000000000e+00,0.000000000000000000e+00,2.485922484090493130e-05,0.000000000000000000e+00
6.000000000000000559e-04,0.000000000000000000e+00,0.000000000000000000e+00,2.486618274151475633e-05,0.000000000000000000e+00
6.018749999999999795e-04,0.000000000000000000e+00,0.000000000000000000e+00,2.487316779475826558e-05,0.000000000000000000e+00
6.037500000000000115e-04,0.000000000000000000e+00,0.000000000000000000e+00,2.488018005811057476e-05,0.000000000000000000e+00
6.056250000000000435e-04,0.000000000000000000e+00,0.000000000000000000e+00,2.488721958934959013e-05,0.000000000000000000e+00
6.074999999999999671e-04,0.000000000000000000e+00,0.000000000000000000e+00,2.489428644655744847e-05,0.000000000000000000e+00
6.093749999999999991e-04,0.000000000000000000e+00,0.000000000000000000e+00,2.490138068812214339e-05,0.000000000000000000e+00
6.112500000000000312e-04,0.000000000000000000e+00,0.000000000000000000e+00,2.490850237273890090e-05,0.000000000000000000e+00
6.131250000000000632e-04,0.000000000000000000e+00,0.000000000000000000e+00,2.491565155941190057e-05,0.000000000000000000e+00
6.149999999999999868e-04,0.000000000000000000e+00,0.000000000000000000e+00,2.492282830745549868e-05,0.000000000000000000e+00
6.168750000000000188e-04,0.000000000000000000e+00,0.000000000000000000e+00,2.493003267649599000e-05,0.000000000000000000e+00
6.187500000000000508e-04,0.000000000000000000e+00,0.000000000000000000e+00,2.493726472647311558e-05,0.000000000000000000e+00
6.206249999999999744e-04,0.000000000000000000e+00,0.000000000000000000e+00,2.494452451764161781e-05,0.000000000000000000e+00
6.225000000000000065e-04,0.000000000000000000e+00,0.000000000000000000e+00,2.495181211057262286e-05,0.000000000000000000e+00
6.243750000000000385e-04,0.000000000000000000e+00,0.000000000000000000e+00,2.495912756615554815e-05,0.000000000000000000e+00
6.262499999999999621e-04,0.000000000000000000e+00,0.000000000000000000e+00,2.496647094559951860e-05,0.000000000000000000e+00
6.281249999999999941e-04,0.000000000000000000e+00,0.000000000000000000e+00,2.497384231043489809e-05,0.000000000000000000e+00
6.300000000000000261e-04,0.000000000000000000e+00,0.000000000000000000e+00,2.498124172251499703e-05,0.000000000000000000e+00
6.318750000000000581e-04,0.000000000000000000e+00,0.000000000000000000e+00,2.498866924401772920e-05,0.000000000000000000e+00
6.337499999999999818e-04,0.000000000000000000e+00,0.000000000000000000e+00,2.499612493744723805e-05,0.000000000000000000e+00
6.356250000000000138e-04,0.000000000000000000e+00,0.000000000000000000e+00,2.500360886563552295e-05,0.000000000000000000e+00
6.375000000000000458e-04,0.000000000000000000e+00,0.000000000000000000e+00,2.501112109174399782e-05,0.000000000000000000e+00
6.393749999999999694e-04,0.000000000000000000e+00,0.000000000000000000e+00,2.501866167926534437e-05,0.000000000000000000e+00
6.412500000000000014e-04,0.000000000000000000e+00,0.000000000000000000e+00,2.502623069202510113e-05,0.000000000000000000e+00
6.431250000000000334e-04,0.000000000000000000e+00,0.000000000000000000e+00,2.503382819418342533e-05,0.000000000000000000e+00
6.450000000000000655e-04,0.000000000000000000e+00,0.000000000000000000e+00,2.504145425023682420e-05,0.000000000000000000e+00
6.468749999999999891e-04,0.000000000000000000e+00,0.000000000000000000e+00,2.504910892501957799e-05,0.000000000000000000e+00
6.487500000000000211e-04,0.000000000000000000e+00,0.000000000000000000e+00,2.505679228370602697e-05,0.000000000000000000e+00
6.506250000000000531e-04,0.000000000000000000e+00,0.000000000000000000e+00,2.506450439181179791e-05,0.000000000000000000e+00
6.524999999999999767e-04,0.000000000000000000e+00,0.000000000000000000e+00,2.507224531519591492e-05,0.000000000000000000e+00
6.543750000000000087e-04,0.000000000000000000e+00,0.000000000000000000e+00,2.508001512006231390e-05,0.000000000000000000e+00
6.562500000000000408e-04,0.000000000000000000e+00,0.000000000000000000e+00,2.508781387296201437e-05,0.000000000000000000e+00
6.581249999999999644e-04,0.000000000000000000e+00,0.000000000000000000e+00,2.509564164079435616e-05,0.000000000000000000e+00
6.599999999999999964e-04,0.000000000000000000e+00,0.000000000000000000e+00,2.510349849080937101e-05,0.000000000000000000e+00
6.618750000000000284e-04,0.000000000000000000e+00,0.000000000000000000e+00,2.511138449060934121e-05,0.000000000000000000e+00
6.637500000000000604e-04,0.000000000000000000e+00,0.000000000000000000e+00,2.511929970815049022e-05,0.000000000000000000e+00
6.656249999999999840e-04,0.000000000000000000e+00,0.000000000000000000e+00,2.512724421174529680e-05,0.000000000000000000e+00
6.675000000000000161e-04,0.000000000000000000e+00,0.000000000000000000e+00,2.513521807006380957e-05,0.000000000000000000e+00
6.693750000000000481e-04,0.000000000000000000e+00,0.000000000000000000e+00,2.514322135213615763e-05,0.000000000000000000e+00
6.712499999999999717e-04,0.000000000000000000e+00,0.000000000000000000e+00,2.515125412735374658e-05,0.000000000000000000e+00
6.731250000000000037e-04,0.000000000000000000e+00,0.000000000000000000e+00,2.515931646547175219e-05,0.000000000000000000e+00
6.750000000000000357e-04,0.000000000000000000e+00,0.000000000000000000e+00,2.516740843661082120e-05,0.000000000000000000e+00
6.768750000000000678e-04,0.000000000000000000e+00,0.000000000000000000e+00,2.517553011125891790e-05,0.000000000000000000e+00
6.787499999999999914e-04,0.000000000000000000e+00,0.000000000000000000e+00,2.518368156027344848e-05,0.000000000000000000e+00
6.806250000000000234e-04,0.000000000000000000e+00,0.000000000000000000e+00,2.519186285488312447e-05,0.000000000000000000e+00
6.825000000000000554e-04,0.000000000000000000e+00,0.000000000000000000e+00,2.520007406669004648e-05,0.000000000000000000e+00
6.843749999999999790e-04,0.000000000000000000e+00,0.000000000000000000e+00,2.520831526767151345e-05,0.000000000000000000e+00
6.862500000000000110e-04,0.000000000000000000e+00,0.000000000000000000e+00,2.521658653018228927e-05,0.000000000000000000e+00
6.881250000000000431e-04,0.000000000000000000e+00,0.000000000000000000e+00,2.522488792695646296e-05,0.000000000000000000e+00
6.899999999999999667e-04,0.000000000000000000e+00,0.000000000000000000e+00,2.523321953110956953e-05,0.000000000000000000e+00
6.918749999999999987e-04,0.000000000000000000e+00,0.000000000000000000e+00,2.524158141614053145e-05,0.000000000000000000e+00
6.937500000000000307e-04,0.000000000000000000e+00,0.000000000000000000e+00,2.524997365593392530e-05,0.000000000000000000e+00
6.956250000000000627e-04,0.000000000000000000e+00,0.000000000000000000e+00,2.525839632476185200e-05,0.000000000000000000e+00
6.974999999999999863e-04,0.000000000000000000e+00,0.000000000000000000e+00,2.526684949728631868e-05,0.000000000000000000e+00
6.993750000000000184e-04,0.000000000000000000e+00,0.000000000000000000e+00,2.527533324856104453e-05,0.000000000000000000e+00
7.012500000000000504e-04,0.000000000000000000e+00,0.000000000000000000e+00,2.528384765403391047e-05,0.000000000000000000e+00
7.031249999999999740e-04,0.000000000000000000e+00,0.000000000000000000e+00,2.529239278954881581e-05,0.000000000000000000e+00
7.050000000000000060e-04,0.000000000000000000e+00,0.000000000000000000e+00,2.530096873134807364e-05,0.000000000000000000e+00
7.068750000000000380e-04,0.000000000000000000e+00,0.000000000000000000e+00,2.530957555607453525e-05,0.000000000000000000e+00
7.087500000000000700e-04,0.000000000000000000e+00,0.000000000000000000e+00,2.531821334077371781e-05,0.000000000000000000e+00
7.106249999999999937e-04,0.000000000000000000e+00,0.000000000000000000e+00,2.532688216289613546e-05,0.000000000000000000e+00
7.125000000000000257e-04,0.000000000000000000e+00,0.000000000000000000e+00,2.533558210029949816e-05,0.000000000000000000e+00
7.143750000000000577e-04,0.000000000000000000e+00,0.000000000000000000e+00,2.534431323125091063e-05,0.000000000000000000e+00
7.162499999999999813e-04,0.000000000000000000e+00,0.000000000000000000e+00,2.535307563442916947e-05,0.000000000000000000e+00
7.181250000000000133e-04,0.000000000000000000e+00,0.000000000000000000e+00,2.536186938892720941e-05,0.000000000000000000e+00
7.200000000000000453e-04,0.000000000000000000e+00,0.000000000000000000e+00,2.537069457425406504e-05,0.000000000000000000e+00
7.218749999999999689e-04,0.000000000000000000e+00,0.000000000000000000e+00,2.537955127033763550e-05,0.000000000000000000e+00
7.237500000000000010e-04,0.000000000000000000e+00,0.000000000000000000e+00,2.538843955752659542e-05,0.000000000000000000e+00
7.256250000000000330e-04,0.000000000000000000e+00,0.000000000000000000e+00,2.539735951659301055e-05,0.000000000000000000e+00
7.275000000000000650e-04,0.000000000000000000e+00,0.000000000000000000e+00,2.540631122873476363e-05,0.000000000000000000e+00
7.293749999999999886e-04,0.000000000000000000e+00,0.000000000000000000e+00,2.541529477557771268e-05,0.000000000000000000e+00
7.312500000000000206e-04,0.000000000000000000e+00,0.000000000000000000e+00,2.542431023917825239e-05,0.000000000000000000e+00
7.331250000000000527e-04,0.000000000000000000e+00,0.000000000000000000e+00,2.543335770202580101e-05,0.000000000000000000e+00
7.349999999999999763e-04,0.000000000000000000e+00,0.000000000000000000e+00,2.544243724704507045e-05,0.000000000000000000e+00
7.368750000000000083e-04,0.000000000000000000e+00,0.000000000000000000e+00,2.545154895759880380e-05,0.000000000000000000e+00
7.387500000000000403e-04,0.000000000000000000e+00,0.000000000000000000e+00,2.546069291749001497e-05,0.000000000000000000e+00
7.406250000000000723e-04,0.000000000000000000e+00,0.000000000000000000e+00,2.546986921096450941e-05,0.000000000000000000e+00
7.424999999999999959e-04,0.000000000000000000e+00,0.000000000000000000e+00,2.547907792271363869e-05,0.000000000000000000e+00
7.443750000000000280e-04,0.000000000000000000e+00,0.000000000000000000e+00,2.548831913787665183e-05,0.000000000000000000e+00
7.462500000000000600e-04,0.000000000000000000e+00,0.000000000000000000e+00,2.549759294204326354e-05,0.000000000000000000e+00
7.481249999999999836e-04,0.000000000000000000e+00,0.000000000000000000e+00,2.550689942125632743e-05,0.000000000000000000e+00
7.500000000000000156e-04,0.000000000000000000e+00,0.000000000000000000e+00,2.551623866201449572e-05,0.000000000000000000e+00
7.518750000000000476e-04,0.000000000000000000e+00,0.000000000000000000e+00,2.552561075127455362e-05,0.000000000000000000e+00
7.537499999999999712e-04,0.000000000000000000e+00,0.000000000000000000e+00,2.553501577645440432e-05,0.000000000000000000e+00
7.556250000000000033e-04,0.000000000000000000e+00,0.000000000000000000e+00,2.554445382543558634e-05,0.000000000000000000e+00
7.575000000000000353e-04,0.000000000000000000e+00,0.000000000000000000e+00,2.555392498656602811e-05,0.000000000000000000e+00
7.593750000000000673e-04,0.000000000000000000e+00,0.000000000000000000e+00,2.556342934866255855e-05,0.000000000000000000e+00
7.612499999999999909e-04,0.000000000000000000e+00,0.000000000000000000e+00,2.557296700101394283e-05,0.000000000000000000e+00
7.631250000000000229e-04,0.000000000000000000e+00,0.000000000000000000e+00,2.558253803338337269e-05,0.000000000000000000e+00
7.650000000000000550e-04,0.000000000000000000e+00,0.000000000000000000e+00,2.559214253601138357e-05,0.000000000000000000e+00
7.668749999999999786e-04,0.000000000000000000e+00,0.000000000000000000e+00,2.560178059961860581e-05,0.000000000000000000e+00
7.687500000000000106e-04,0.000000000000000000e+00,0.000000000000000000e+00,2.561145231540861065e-05,0.000000000000000000e+00
7.706250000000000426e-04,0.000000000000000000e+00,0.000000000000000000e+00,2.562115777507071565e-05,0.000000000000000000e+00
7.724999999999999662e-04,0.000000000000000000e+00,0.000000000000000000e+00,2.563089707078284422e-05,0.000000000000000000e+00
7.743749999999999982e-04,0.000000000000000000e+00,0.000000000000000000e+00,2.564067029521444960e-05,0.000000000000000000e+00
7.762500000000000303e-04,0.000000000000000000e+00,0.000000000000000000e+00,2.565047754152934397e-05,0.000000000000000000e+00
7.781250000000000623e-04,0.000000000000000000e+00,0.000000000000000000e+00,2.566031890338871046e-05,0.000000000000000000e+00
7.799999999999999859e-04,0.000000000000000000e+00,0.000000000000000000e+00,2.567019447495406102e-05,0.000000000000000000e+00
7.818750000000000179e-04,0.000000000000000000e+00,0.000000000000000000e+00,2.568010435089015359e-05,0.000000000000000000e+00
7.837500000000000499e-04,0.000000000000000000e+00,0.000000000000000000e+00,2.569004862636798043e-05,0.000000000000000000e+00
7.856249999999999735e-04,0.000000000000000000e+00,0.000000000000000000e+00,2.570002739706786827e-05,0.000000000000000000e+00
7.875000000000000056e-04,0.000000000000000000e+00,0.000000000000000000e+00,2.571004075918252083e-05,0.000000000000000000e+00
7.893750000000000376e-04,0.000000000000000000e+00,0.000000000000000000e+00,2.572008880941989539e-05,0.000000000000000000e+00
7.912500000000000696e-04,0.000000000000000000e+00,0.000000000000000000e+00,2.573017164500669590e-05,0.000000000000000000e+00
7.931249999999999932e-04,0.000000000000000000e+00,0.000000000000000000e+00,2.574028936369104285e-05,0.000000000000000000e+00
7.950000000000000252e-04,0.000000000000000000e+00,0.000000000000000000e+00,2.575044206374597661e-05,0.000000000000000000e+00
7.968750000000000572e-04,0.000000000000000000e+00,0.000000000000000000e+00,2.576062984397245931e-05,0.000000000000000000e+00
7.987499999999999808e-04,0.000000000000000000e+00,0.000000000000000000e+00,2.577085280370246479e-05,0.000000000000000000e+00
8.006250000000000129e-04,0.000000000000000000e+00,0.000000000000000000e+00,2.578111104280252262e-05,0.000000000000000000e+00
8.025000000000000449e-04,0.000000000000000000e+00,0.000000000000000000e+00,2.579140466167665561e-05,0.000000000000000000e+00
8.043749999999999685e-04,0.000000000000000000e+00,0.000000000000000000e+00,2.580173376126983567e-05,0.000000000000000000e+00
8.062500000000000005e-04,0.000000000000000000e+00,0.000000000000000000e+00,2.581209844307113141e-05,0.000000000000000000e+00
8.081250000000000325e-04,0.000000000000000000e+00,0.000000000000000000e+00,2.582249880911731990e-05,0.000000000000000000e+00
8.100000000000000646e-04,0.000000000000000000e+00,0.000000000000000000e+00,2.583293496199578010e-05,0.000000000000000000e+00
8.118749999999999882e-04,0.000000000000000000e+00,0.000000000000000000e+00,2.584340700484842989e-05,0.000000000000000000e+00
8.137500000000000202e-04,0.000000000000000000e+00,0.000000000000000000e+00,2.585391504137456194e-05,0.000000000000000000e+00
8.156250000000000522e-04,0.000000000000000000e+00,0.000000000000000000e+00,2.586445917583475701e-05,0.000000000000000000e+00
8.174999999999999758e-04,0.000000000000000000e+00,0.000000000000000000e+00,2.587503951305402471e-05,0.000000000000000000e+00
8.193750000000000078e-04,0.000000000000000000e+00,0.000000000000000000e+00,2.588565615842556775e-05,0.000000000000000000e+00
8.212500000000000399e-04,0.000000000000000000e+00,0.000000000000000000e+00,2.589630921791400743e-05,0.000000000000000000e+00
8.231250000000000719e-04,0.000000000000000000e+00,0.000000000000000000e+00,2.590699879805916480e-05,0.000000000000000000e+00
8.249999999999999955e-04,0.000000000000000000e+00,0.000000000000000000e+00,2.591772500597951654e-05,0.000000000000000000e+00
8.268750000000000275e-04,0.000000000000000000e+00,0.000000000000000000e+00,2.592848794937584401e-05,0.000000000000000000e+00
8.287500000000000595e-04,0.000000000000000000e+00,0.000000000000000000e+00,2.593928773653491270e-05,0.000000000000000000e+00
8.306249999999999831e-04,0.000000000000000000e+00,0.000000000000000000e+00,2.595012447633307390e-05,0.000000000000000000e+00
8.325000000000000152e-04,0.000000000000000000e+00,0.000000000000000000e+00,2.596099827823984926e-05,0.000000000000000000e+00
8.343750000000000472e-04,0.000000000000000000e+00,0.000000000000000000e+00,2.597190925232196272e-05,0.000000000000000000e+00
8.362499999999999708e-04,0.000000000000000000e+00,0.000000000000000000e+00,2.598285750924676251e-05,0.000000000000000000e+00
8.381250000000000028e-04,0.000000000000000000e+00,0.000000000000000000e+00,2.599384316028629027e-05,0.000000000000000000e+00
8.400000000000000348e-04,0.000000000000000000e+00,0.000000000000000000e+00,2.600486631732094368e-05,0.000000000000000000e+00
8.418750000000000669e-04,0.000000000000000000e+00,0.000000000000000000e+00,2.601592709284327788e-05,0.000000000000000000e+00
8.437499999999999905e-04,0.000000000000000000e+00,0.000000000000000000e+00,2.602702559996206448e-05,0.000000000000000000e+00
8.456250000000000225e-04,0.000000000000000000e+00,0.000000000000000000e+00,2.603816195240601513e-05,0.000000000000000000e+00
8.475000000000000545e-04,0.000000000000000000e+00,0.000000000000000000e+00,2.604933626452791840e-05,0.000000000000000000e+00
8.493749999999999781e-04,0.000000000000000000e+00,0.000000000000000000e+00,2.606054865130835998e-05,0.000000000000000000e+00
8.512500000000000101e-04,0.000000000000000000e+00,0.000000000000000000e+00,2.607179922836010689e-05,0.000000000000000000e+00
8.531250000000000422e-04,0.000000000000000000e+00,0.000000000000000000e+00,2.608308811193184461e-05,0.000000000000000000e+00
8.550000000000000742e-04,0.000000000000000000e+00,0.000000000000000000e+00,2.609441541891220558e-05,0.000000000000000000e+00
8.568749999999999978e-04,0.000000000000000000e+00,0.000000000000000000e+00,2.610578126683433636e-05,0.000000000000000000e+00
8.587500000000000298e-04,0.000000000000000000e+00,0.000000000000000000e+00,2.611718577387945521e-05,0.000000000000000000e+00
8.606250000000000618e-04,0.000000000000000000e+00,0.000000000000000000e+00,2.612862905888145316e-05,0.000000000000000000e+00
8.624999999999999854e-04,0.000000000000000000e+00,0.000000000000000000e+00,2.614011124133094281e-05,0.000000000000000000e+00
8.643750000000000175e-04,0.000000000000000000e+00,0.000000000000000000e+00,2.615163244137960532e-05,0.000000000000000000e+00
8.662500000000000495e-04,0.000000000000000000e+00,0.000000000000000000e+00,2.616319277984439511e-05,0.000000000000000000e+00
8.681249999999999731e-04,0.000000000000000000e+00,0.000000000000000000e+00,2.617479237821175123e-05,0.000000000000000000e+00
8.700000000000000051e-04,0.000000000000000000e+00,0.000000000000000000e+00,2.618643135864227644e-05,0.000000000000000000e+00
8.718750000000000371e-04,0.000000000000000000e+00,0.000000000000000000e+00,2.619810984397491138e-05,0.000000000000000000e+00
8.737500000000000691e-04,0.000000000000000000e+00,0.000000000000000000e+00,2.620982795773129845e-05,0.000000000000000000e+00
8.756249999999999927e-04,0.000000000000000000e+00,0.000000000000000000e+00,2.622158582412053538e-05,0.000000000000000000e+00
8.775000000000000248e-04,0.000000000000000000e+00,0.000000000000000000e+00,2.623338356804337651e-05,0.000000000000000000e+00
8.793750000000000568e-04,0.000000000000000000e+00,0.000000000000000000e+00,2.624522131509710154e-05,0.000000000000000000e+00
8.812499999999999804e-04,0.000000000000000000e+00,0.000000000000000000e+00,2.625709919157965245e-05,0.000000000000000000e+00
8.831250000000000124e-04,0.000000000000000000e+00,0.000000000000000000e+00,2.626901732449475293e-05,0.000000000000000000e+00
8.850000000000000444e-04,0.000000000000000000e+00,0.000000000000000000e+00,2.628097584155635025e-05,0.000000000000000000e+00
8.868750000000000765e-04,0.000000000000000000e+00,0.000000000000000000e+00,2.629297487119318925e-05,0.000000000000000000e+00
8.887500000000000001e-04,0.000000000000000000e+00,0.000000000000000000e+00,2.630501454255378268e-05,0.000000000000000000e+00
8.906250000000000321e-04,0.000000000000000000e+00,0.000000000000000000e+00,2.631709498551114109e-05,0.000000000000000000e+00
8.925000000000000641e-04,0.000000000000000000e+00,0.000000000000000000e+00,2.632921633066748229e-05,0.000000000000000000e+00
8.943749999999999877e-04,0.000000000000000000e+00,0.000000000000000000e+00,2.634137870935926952e-05,0.000000000000000000e+00
8.962500000000000197e-04,0.000000000000000000e+00,0.000000000000000000e+00,2.635358225366201922e-05,0.000000000000000000e+00
8.981250000000000518e-04,0.000000000000000000e+00,0.000000000000000000e+00,2.636582709639517653e-05,0.000000000000000000e+00
8.999999999999999754e-04,0.000000000000000000e+00,0.000000000000000000e+00,2.637811337112739738e-05,0.000000000000000000e+00
9.018750000000000074e-04,0.000000000000000000e+00,0.000000000000000000e+00,2.639044121218124450e-05,0.000000000000000000e+00
9.037500000000000394e-04,0.000000000000000000e+00,0.000000000000000000e+00,2.640281075463853040e-05,0.000000000000000000e+00
9.056250000000000714e-04,0.000000000000000000e+00,0.000000000000000000e+00,2.641522213434526755e-05,0.000000000000000000e+00
9.074999999999999950e-04,0.000000000000000000e+00,0.000000000000000000e+00,2.642767548791697410e-05,0.000000000000000000e+00
9.093750000000000271e-04,0.000000000000000000e+00,0.000000000000000000e+00,2.644017095274378323e-05,0.000000000000000000e+00
9.112500000000000591e-04,0.000000000000000000e+00,0.000000000000000000e+00,2.645270866699582011e-05,0.000000000000000000e+00
9.131249999999999827e-04,0.000000000000000000e+00,0.000000000000000000e+00,2.646528876962835183e-05,0.000000000000000000e+00
9.150000000000000147e-04,0.000000000000000000e+00,0.000000000000000000e+00,2.647791140038729995e-05,0.000000000000000000e+00
9.168750000000000467e-04,0.000000000000000000e+00,0.000000000000000000e+00,2.649057669981464788e-05,0.000000000000000000e+00
9.187499999999999703e-04,0.000000000000000000e+00,0.000000000000000000e+00,2.650328480925364175e-05,0.000000000000000000e+00
9.206250000000000024e-04,0.000000000000000000e+00,0.000000000000000000e+00,2.651603587085457387e-05,0.000000000000000000e+00
9.225000000000000344e-04,0.000000000000000000e+00,0.000000000000000000e+00,2.652883002758026139e-05,0.000000000000000000e+00
9.243750000000000664e-04,0.000000000000000000e+00,0.000000000000000000e+00,2.654166742321154861e-05,0.000000000000000000e+00
9.262499999999999900e-04,0.000000000000000000e+00,0.000000000000000000e+00,2.655454820235295162e-05,0.000000000000000000e+00
9.281250000000000220e-04,0.000000000000000000e+00,0.000000000000000000e+00,2.656747251043843503e-05,0.000000000000000000e+00
9.300000000000000541e-04,0.000000000000000000e+00,0.000000000000000000e+00,2.658044049373712439e-05,0.000000000000000000e+00
9.318749999999999777e-04,0.000000000000000000e+00,0.000000000000000000e+00,2.659345229935917784e-05,0.000000000000000000e+00
9.337500000000000097e-04,0.000000000000000000e+00,0.000000000000000000e+00,2.660650807526139002e-05,0.000000000000000000e+00
9.356250000000000417e-04,0.000000000000000000e+00,0.000000000000000000e+00,2.661960797025340935e-05,0.000000000000000000e+00
9.375000000000000737e-04,0.000000000000000000e+00,0.000000000000000000e+00,2.663275213400338940e-05,0.000000000000000000e+00
9.393749999999999973e-04,0.000000000000000000e+00,0.000000000000000000e+00,2.664594071704422647e-05,0.000000000000000000e+00
9.412500000000000294e-04,0.000000000000000000e+00,0.000000000000000000e+00,2.665917387077956332e-05,0.000000000000000000e+00
9.431250000000000614e-04,0.000000000000000000e+00,0.000000000000000000e+00,2.667245174748973538e-05,0.000000000000000000e+00
9.449999999999999850e-04,0.000000000000000000e+00,0.000000000000000000e+00,2.668577450033817090e-05,0.000000000000000000e+00
9.468750000000000170e-04,0.000000000000000000e+00,0.000000000000000000e+00,2.669914228337751333e-05,0.000000000000000000e+00
9.487500000000000490e-04,0.000000000000000000e+00,0.000000000000000000e+00,2.671255525155574026e-05,0.000000000000000000e+00
9.506249999999999726e-04,0.000000000000000000e+00,0.000000000000000000e+00,2.672601356072285163e-05,0.000000000000000000e+00
9.525000000000000046e-04,0.000000000000000000e+00,0.000000000000000000e+00,2.673951736763691749e-05,0.000000000000000000e+00
9.543750000000000367e-04,0.000000000000000000e+00,0.000000000000000000e+00,2.675306682997074590e-05,0.000000000000000000e+00
9.562500000000000687e-04,0.000000000000000000e+00,0.000000000000000000e+00,2.676666210631835761e-05,0.000000000000000000e+00
9.581249999999999923e-04,0.000000000000000000e+00,0.000000000000000000e+00,2.678030335620139982e-05,0.000000000000000000e+00
9.600000000000000243e-04,0.000000000000000000e+00,0.000000000000000000e+00,2.679399074007593598e-05,0.000000000000000000e+00
9.618750000000000563e-04,0.000000000000000000e+00,0.000000000000000000e+00,2.680772441933908991e-05,0.000000000000000000e+00
9.637499999999999799e-04,0.000000000000000000e+00,0.000000000000000000e+00,2.682150455633577804e-05,0.000000000000000000e+00
9.656250000000000120e-04,0.000000000000000000e+00,0.000000000000000000e+00,2.683533131436561441e-05,0.000000000000000000e+00
9.675000000000000440e-04,0.000000000000000000e+00,0.000000000000000000e+00,2.684920485768951752e-05,0.000000000000000000e+00
9.693750000000000760e-04,0.000000000000000000e+00,0.000000000000000000e+00,2.686312535153697451e-05,0.000000000000000000e+00
9.712499999999999996e-04,0.000000000000000000e+00,0.000000000000000000e+00,2.687709296211284450e-05,0.000000000000000000e+00
9.731250000000000316e-04,0.000000000000000000e+00,0.000000000000000000e+00,2.689110785660447366e-05,0.000000000000000000e+00
9.750000000000000637e-04,0.000000000000000000e+00,0.000000000000000000e+00,2.690517020318887472e-05,0.000000000000000000e+00
9.768750000000000957e-04,0.000000000000000000e+00,0.000000000000000000e+00,2.691928017103973356e-05,0.000000000000000000e+00
9.787500000000000193e-04,0.000000000000000000e+00,0.000000000000000000e+00,2.693343793033493088e-05,0.000000000000000000e+00
9.806249999999999429e-04,0.000000000000000000e+00,0.000000000000000000e+00,2.694764365226364036e-05,0.000000000000000000e+00
9.825000000000000833e-04,0.000000000000000000e+00,0.000000000000000000e+00,2.696189750903394856e-05,0.000000000000000000e+00
9.843750000000000069e-04,0.000000000000000000e+00,0.000000000000000000e+00,2.697619967388011566e-05,0.000000000000000000e+00
9.862499999999999305e-04,0.000000000000000000e+00,0.000000000000000000e+00,2.699055032107015812e-05,0.000000000000000000e+00
9.881250000000000710e-04,0.000000000000000000e+00,0.000000000000000000e+00,2.700494962591363124e-05,0.000000000000000000e+00
9.899999999999999946e-04,0.000000000000000000e+00,0.000000000000000000e+00,2.701939776476902541e-05,0.000000000000000000e+00
9.918749999999999182e-04,0.000000000000000000e+00,0.000000000000000000e+00,2.703389491505170790e-05,0.000000000000000000e+00
9.937500000000000586e-04,0.000000000000000000e+00,0.000000000000000000e+00,2.704844125524169526e-05,0.000000000000000000e+00
9.956249999999999822e-04,0.000000000000000000e+00,0.000000000000000000e+00,2.706303696489155782e-05,0.000000000000000000e+00
9.975000000000001227e-04,0.000000000000000000e+00,0.000000000000000000e+00,2.707768222463431064e-05,0.000000000000000000e+00
9.993750000000000463e-04,0.000000000000000000e+00,0.000000000000000000e+00,2.709237721619152806e-05,0.000000000000000000e+00
1.001249999999999970e-03,0.000000000000000000e+00,0.000000000000000000e+00,2.710712212238153968e-05,0.000000000000000000e+00
1.003125000000000110e-03,0.000000000000000000e+00,0.000000000000000000e+00,2.712191712712742962e-05,0.000000000000000000e+00
1.005000000000000034e-03,0.000000000000000000e+00,0.000000000000000000e+00,2.713676241546547985e-05,0.000000000000000000e+00
1.006874999999999958e-03,0.000000000000000000e+00,0.000000000000000000e+00,2.715165817355343037e-05,0.000000000000000000e+00
1.008750000000000098e-03,0.000000000000000000e+00,0.000000000000000000e+00,2.716660458867903771e-05,0.000000000000000000e+00
1.010625000000000022e-03,0.000000000000000000e+00,0.000000000000000000e+00,2.718160184926836901e-05,0.000000000000000000e+00
1.012499999999999945e-03,0.000000000000000000e+00,0.000000000000000000e+00,2.719665014489455699e-05,0.000000000000000000e+00
1.014375000000000086e-03,0.000000000000000000e+00,0.000000000000000000e+00,2.721174966628650405e-05,0.000000000000000000e+00
1.016250000000000009e-03,0.000000000000000000e+00,0.000000000000000000e+00,2.722690060533755250e-05,0.000000000000000000e+00
1.018124999999999933e-03,0.000000000000000000e+00,0.000000000000000000e+00,2.724210315511428352e-05,0.000000000000000000e+00
1.020000000000000073e-03,0.000000000000000000e+00,0.000000000000000000e+00,2.725735750986564823e-05,0.000000000000000000e+00
1.021874999999999997e-03,0.000000000000000000e+00,0.000000000000000000e+00,2.727266386503169883e-05,0.000000000000000000e+00
1.023749999999999920e-03,0.000000000000000000e+00,0.000000000000000000e+00,2.728802241725300428e-05,0.000000000000000000e+00
1.025625000000000061e-03,0.000000000000000000e+00,0.000000000000000000e+00,2.730343336437959155e-05,0.000000000000000000e+00
1.027499999999999985e-03,0.000000000000000000e+00,0.000000000000000000e+00,2.731889690548026977e-05,0.000000000000000000e+00
1.029375000000000125e-03,0.000000000000000000e+00,0.000000000000000000e+00,2.733441324085209665e-05,0.000000000000000000e+00
1.031250000000000049e-03,0.000000000000000000e+00,0.000000000000000000e+00,2.734998257202983141e-05,0.000000000000000000e+00
1.033124999999999972e-03,0.000000000000000000e+00,0.000000000000000000e+00,2.736560510179529275e-05,0.000000000000000000e+00
1.035000000000000113e-03,0.000000000000000000e+00,0.000000000000000000e+00,2.738128103418729288e-05,0.000000000000000000e+00
1.036875000000000036e-03,0.000000000000000000e+00,0.000000000000000000e+00,2.739701057451123610e-05,0.000000000000000000e+00
1.038749999999999960e-03,0.000000000000000000e+00,0.000000000000000000e+00,2.741279392934886305e-05,0.000000000000000000e+00
1.040625000000000100e-03,0.000000000000000000e+00,0.000000000000000000e+00,2.742863130656825589e-05,0.000000000000000000e+00
1.042500000000000024e-03,0.000000000000000000e+00,0.000000000000000000e+00,2.744452291533403315e-05,0.000000000000000000e+00
1.044374999999999947e-03,0.000000000000000000e+00,0.000000000000000000e+00,2.746046896611720246e-05,0.000000000000000000e+00
1.046250000000000088e-03,0.000000000000000000e+00,0.000000000000000000e+00,2.747646967070553836e-05,0.000000000000000000e+00
1.048125000000000012e-03,0.000000000000000000e+00,0.000000000000000000e+00,2.749252524221389580e-05,0.000000000000000000e+00
1.049999999999999935e-03,0.000000000000000000e+00,0.000000000000000000e+00,2.750863589509467945e-05,0.000000000000000000e+00
1.051875000000000076e-03,0.000000000000000000e+00,0.000000000000000000e+00,2.752480184514835031e-05,0.000000000000000000e+00
1.053749999999999999e-03,0.000000000000000000e+00,0.000000000000000000e+00,2.754102330953391535e-05,0.000000000000000000e+00
1.055624999999999923e-03,0.000000000000000000e+00,0.000000000000000000e+00,2.755730050677999656e-05,0.000000000000000000e+00
1.057500000000000063e-03,0.000000000000000000e+00,0.000000000000000000e+00,2.757363365679531042e-05,0.000000000000000000e+00
1.059374999999999987e-03,0.000000000000000000e+00,0.000000000000000000e+00,2.759002298088000460e-05,0.000000000000000000e+00
1.061250000000000127e-03,0.000000000000000000e+00,0.000000000000000000e+00,2.760646870173643220e-05,0.000000000000000000e+00
1.063125000000000051e-03,0.000000000000000000e+00,0.000000000000000000e+00,2.762297104348051220e-05,0.000000000000000000e+00
1.064999999999999974e-03,0.000000000000000000e+00,0.000000000000000000e+00,2.763953023165292380e-05,0.000000000000000000e+00
1.066875000000000115e-03,0.000000000000000000e+00,0.000000000000000000e+00,2.765614649323058205e-05,0.000000000000000000e+00
1.068750000000000039e-03,0.000000000000000000e+00,0.000000000000000000e+00,2.767282005663813038e-05,0.000000000000000000e+00
1.070624999999999962e-03,0.000000000000000000e+00,0.000000000000000000e+00,2.768955115175958221e-05,0.000000000000000000e+00
1.072500000000000103e-03,0.000000000000000000e+00,0.000000000000000000e+00,2.770634000995005750e-05,0.000000000000000000e+00
1.074375000000000026e-03,0.000000000000000000e+00,0.000000000000000000e+00,2.772318686404788844e-05,0.000000000000000000e+00
1.076249999999999950e-03,0.000000000000000000e+00,0.000000000000000000e+00,2.774009194838611888e-05,0.000000000000000000e+00
1.078125000000000090e-03,0.000000000000000000e+00,0.000000000000000000e+00,2.775705549880519958e-05,0.000000000000000000e+00
1.080000000000000014e-03,0.000000000000000000e+00,0.000000000000000000e+00,2.777407775266487719e-05,0.000000000000000000e+00
1.081874999999999937e-03,0.000000000000000000e+00,0.000000000000000000e+00,2.779115894885665243e-05,0.000000000000000000e+00
1.083750000000000078e-03,0.000000000000000000e+00,0.000000000000000000e+00,2.780829932781629920e-05,0.000000000000000000e+00
1.085625000000000001e-03,0.000000000000000000e+00,0.000000000000000000e+00,2.782549913153656334e-05,0.000000000000000000e+00
1.087499999999999925e-03,0.000000000000000000e+00,0.000000000000000000e+00,2.784275860357968512e-05,0.000000000000000000e+00
1.089375000000000066e-03,0.000000000000000000e+00,0.000000000000000000e+00,2.786007798909069432e-05,0.000000000000000000e+00
1.091249999999999989e-03,0.000000000000000000e+00,0.000000000000000000e+00,2.787745753480990222e-05,0.000000000000000000e+00
1.093125000000000130e-03,0.000000000000000000e+00,0.000000000000000000e+00,2.789489748908659646e-05,0.000000000000000000e+00
1.095000000000000053e-03,0.000000000000000000e+00,0.000000000000000000e+00,2.791239810189198031e-05,0.000000000000000000e+00
1.096874999999999977e-03,0.000000000000000000e+00,0.000000000000000000e+00,2.792995962483268792e-05,0.000000000000000000e+00
1.098750000000000117e-03,0.000000000000000000e+00,0.000000000000000000e+00,2.794758231116457065e-05,0.000000000000000000e+00
1.100625000000000041e-03,0.000000000000000000e+00,0.000000000000000000e+00,2.796526641580590058e-05,0.000000000000000000e+00
1.102499999999999964e-03,0.000000000000000000e+00,0.000000000000000000e+00,2.798301219535191580e-05,0.000000000000000000e+00
1.104375000000000105e-03,0.000000000000000000e+00,0.000000000000000000e+00,2.800081990808832888e-05,0.000000000000000000e+00
1.106250000000000028e-03,0.000000000000000000e+00,0.000000000000000000e+00,2.801868981400554005e-05,0.000000000000000000e+00
1.108124999999999952e-03,0.000000000000000000e+00,0.000000000000000000e+00,2.803662217481309781e-05,0.000000000000000000e+00
1.110000000000000092e-03,0.000000000000000000e+00,0.000000000000000000e+00,2.805461725395421362e-05,0.000000000000000000e+00
1.111875000000000016e-03,0.000000000000000000e+00,0.000000000000000000e+00,2.807267531661992096e-05,0.000000000000000000e+00
1.113749999999999940e-03,0.000000000000000000e+00,0.000000000000000000e+00,2.809079662976458276e-05,0.000000000000000000e+00
1.115625000000000080e-03,0.000000000000000000e+00,0.000000000000000000e+00,2.810898146211996573e-05,0.000000000000000000e+00
1.117500000000000004e-03,0.000000000000000000e+00,0.000000000000000000e+00,2.812723008421091046e-05,0.000000000000000000e+00
1.119374999999999927e-03,0.000000000000000000e+00,0.000000000000000000e+00,2.814554276837050349e-05,0.000000000000000000e+00
1.121250000000000068e-03,0.000000000000000000e+00,0.000000000000000000e+00,2.816391978875511720e-05,0.000000000000000000e+00
1.123124999999999991e-03,0.000000000000000000e+00,0.000000000000000000e+00,2.818236142136044584e-05,0.000000000000000000e+00
1.125000000000000132e-03,0.000000000000000000e+00,0.000000000000000000e+00,2.820086794403685041e-05,0.000000000000000000e+00
1.126875000000000055e-03,0.000000000000000000e+00,0.000000000000000000e+00,2.821943963650563522e-05,0.000000000000000000e+00
1.128749999999999979e-03,0.000000000000000000e+00,0.000000000000000000e+00,2.823807678037461974e-05,0.000000000000000000e+00
1.130625000000000119e-03,0.000000000000000000e+00,0.000000000000000000e+00,2.825677965915489971e-05,0.000000000000000000e+00
1.132500000000000043e-03,0.000000000000000000e+00,0.000000000000000000e+00,2.827554855827714062e-05,0.000000000000000000e+00
1.134374999999999967e-03,0.000000000000000000e+00,0.000000000000000000e+00,2.829438376510783404e-05,0.000000000000000000e+00
1.136250000000000107e-03,0.000000000000000000e+00,0.000000000000000000e+00,2.831328556896647877e-05,0.000000000000000000e+00
1.138125000000000031e-03,0.000000000000000000e+00,0.000000000000000000e+00,2.833225426114241988e-05,0.000000000000000000e+00
1.139999999999999954e-03,0.000000000000000000e+00,0.000000000000000000e+00,2.835129013491201978e-05,0.000000000000000000e+00
1.141875000000000095e-03,0.000000000000000000e+00,0.000000000000000000e+00,2.837039348555585633e-05,0.000000000000000000e+00
1.143750000000000018e-03,0.000000000000000000e+00,0.000000000000000000e+00,2.838956461037644961e-05,0.000000000000000000e+00
1.145624999999999942e-03,0.000000000000000000e+00,0.000000000000000000e+00,2.840880380871589706e-05,0.000000000000000000e+00
1.147500000000000082e-03,0.000000000000000000e+00,0.000000000000000000e+00,2.842811138197376631e-05,0.000000000000000000e+00
1.149375000000000006e-03,0.000000000000000000e+00,0.000000000000000000e+00,2.844748763362526901e-05,0.000000000000000000e+00
1.151249999999999930e-03,0.000000000000000000e+00,0.000000000000000000e+00,2.846693286923950264e-05,0.000000000000000000e+00
1.153125000000000070e-03,0.000000000000000000e+00,0.000000000000000000e+00,2.848644739649801736e-05,0.000000000000000000e+00
1.154999999999999994e-03,0.000000000000000000e+00,0.000000000000000000e+00,2.850603152521361008e-05,0.000000000000000000e+00
1.156875000000000134e-03,0.000000000000000000e+00,0.000000000000000000e+00,2.852568556734915901e-05,0.000000000000000000e+00
1.158750000000000058e-03,0.000000000000000000e+00,0.000000000000000000e+00,2.854540983703663450e-05,0.000000000000000000e+00
1.160624999999999981e-03,0.000000000000000000e+00,0.000000000000000000e+00,2.856520465059685186e-05,0.000000000000000000e+00
1.162500000000000122e-03,0.000000000000000000e+00,0.000000000000000000e+00,2.858507032655870236e-05,0.000000000000000000e+00
1.164375000000000045e-03,0.000000000000000000e+00,0.000000000000000000e+00,2.860500718567913307e-05,0.000000000000000000e+00
1.166249999999999969e-03,0.000000000000000000e+00,0.000000000000000000e+00,2.862501555096290984e-05,0.000000000000000000e+00
1.168125000000000109e-03,0.000000000000000000e+00,0.000000000000000000e+00,2.864509574768323065e-05,0.000000000000000000e+00
1.170000000000000033e-03,0.000000000000000000e+00,0.000000000000000000e+00,2.866524810340202059e-05,0.000000000000000000e+00
1.171874999999999957e-03,0.000000000000000000e+00,0.000000000000000000e+00,2.868547294799047740e-05,0.000000000000000000e+00
1.173750000000000097e-03,0.000000000000000000e+00,0.000000000000000000e+00,2.870577061365037615e-05,0.000000000000000000e+00
1.175625000000000021e-03,0.000000000000000000e+00,0.000000000000000000e+00,2.872614143493491969e-05,0.000000000000000000e+00
1.177499999999999944e-03,0.000000000000000000e+00,0.000000000000000000e+00,2.874658574877030420e-05,0.000000000000000000e+00
1.179375000000000085e-03,0.000000000000000000e+00,0.000000000000000000e+00,2.876710389447733883e-05,0.000000000000000000e+00
1.181250000000000008e-03,0.000000000000000000e+00,0.000000000000000000e+00,2.878769621379349562e-05,0.000000000000000000e+00
1.183124999999999932e-03,0.000000000000000000e+00,0.000000000000000000e+00,2.880836305089486127e-05,0.000000000000000000e+00
1.185000000000000072e-03,0.000000000000000000e+00,0.000000000000000000e+00,2.882910475241874949e-05,0.000000000000000000e+00
1.186874999999999996e-03,0.000000000000000000e+00,0.000000000000000000e+00,2.884992166748629987e-05,0.000000000000000000e+00
1.188750000000000136e-03,0.000000000000000000e+00,0.000000000000000000e+00,2.887081414772542904e-05,0.000000000000000000e+00
1.190625000000000060e-03,0.000000000000000000e+00,0.000000000000000000e+00,2.889178254729400555e-05,0.000000000000000000e+00
1.192499999999999984e-03,0.000000000000000000e+00,0.000000000000000000e+00,2.891282722290340748e-05,0.000000000000000000e+00
1.194375000000000124e-03,0.000000000000000000e+00,0.000000000000000000e+00,2.893394853384222249e-05,0.000000000000000000e+00
1.196250000000000048e-03,0.000000000000000000e+00,0.000000000000000000e+00,2.895514684200031706e-05,0.000000000000000000e+00
1.198124999999999971e-03,0.000000000000000000e+00,0.000000000000000000e+00,2.897642251189310912e-05,0.000000000000000000e+00
1.200000000000000112e-03,0.000000000000000000e+00,0.000000000000000000e+00,2.899777591068623017e-05,0.000000000000000000e+00
1.201875000000000035e-03,0.000000000000000000e+00,0.000000000000000000e+00,2.901920740822029263e-05,0.000000000000000000e+00
1.203749999999999959e-03,0.000000000000000000e+00,0.000000000000000000e+00,2.904071737703622959e-05,0.000000000000000000e+00
1.205625000000000099e-03,0.000000000000000000e+00,0.000000000000000000e+00,2.906230619240063133e-05,0.000000000000000000e+00
1.207500000000000023e-03,0.000000000000000000e+00,0.000000000000000000e+00,2.908397423233161026e-05,0.000000000000000000e+00
1.209374999999999947e-03,0.000000000000000000e+00,0.000000000000000000e+00,2.910572187762488957e-05,0.000000000000000000e+00
1.211250000000000087e-03,0.000000000000000000e+00,0.000000000000000000e+00,2.912754951188015610e-05,0.000000000000000000e+00
1.213125000000000011e-03,0.000000000000000000e+00,0.000000000000000000e+00,2.914945752152776901e-05,0.000000000000000000e+00
1.214999999999999934e-03,0.000000000000000000e+00,0.000000000000000000e+00,2.917144629585593593e-05,0.000000000000000000e+00
1.216875000000000075e-03,0.000000000000000000e+00,0.000000000000000000e+00,2.919351622703776050e-05,0.000000000000000000e+00
1.218749999999999998e-03,0.000000000000000000e+00,0.000000000000000000e+00,2.921566771015929602e-05,0.000000000000000000e+00
1.220625000000000139e-03,0.000000000000000000e+00,0.000000000000000000e+00,2.923790114324721976e-05,0.000000000000000000e+00
1.222500000000000062e-03,0.000000000000000000e+00,0.000000000000000000e+00,2.926021692729746602e-05,0.000000000000000000e+00
1.224374999999999986e-03,0.000000000000000000e+00,0.000000000000000000e+00,2.928261546630382542e-05,0.000000000000000000e+00
1.226250000000000126e-03,0.000000000000000000e+00,0.000000000000000000e+00,2.930509716728692691e-05,0.000000000000000000e+00
1.228125000000000050e-03,0.000000000000000000e+00,0.000000000000000000e+00,2.932766244032366371e-05,0.000000000000000000e+00
1.229999999999999974e-03,0.000000000000000000e+00,0.000000000000000000e+00,2.935031169857703261e-05,0.000000000000000000e+00
1.231875000000000114e-03,0.000000000000000000e+00,0.000000000000000000e+00,2.937304535832620703e-05,0.000000000000000000e+00
1.233750000000000038e-03,0.000000000000000000e+00,0.000000000000000000e+00,2.939586383899699289e-05,0.000000000000000000e+00
1.235624999999999961e-03,0.000000000000000000e+00,0.000000000000000000e+00,2.941876756319276569e-05,0.000000000000000000e+00
1.237500000000000102e-03,0.000000000000000000e+00,0.000000000000000000e+00,2.944175695672563114e-05,0.000000000000000000e+00
1.239375000000000025e-03,0.000000000000000000e+00,0.000000000000000000e+00,2.946483244864815163e-05,0.000000000000000000e+00
1.241249999999999949e-03,0.000000000000000000e+00,0.000000000000000000e+00,2.948799447128530308e-05,0.000000000000000000e+00
1.243125000000000089e-03,0.000000000000000000e+00,0.000000000000000000e+00,2.951124346026681467e-05,0.000000000000000000e+00
1.245000000000000013e-03,0.000000000000000000e+00,0.000000000000000000e+00,2.953457985456035218e-05,0.000000000000000000e+00
1.246874999999999937e-03,0.000000000000000000e+00,0.000000000000000000e+00,2.955800409650421011e-05,0.000000000000000000e+00
1.248750000000000077e-03,0.000000000000000000e+00,0.000000000000000000e+00,2.958151663184134544e-05,0.000000000000000000e+00
1.250625000000000001e-03,0.000000000000000000e+00,0.000000000000000000e+00,2.960511790975338430e-05,0.000000000000000000e+00
1.252499999999999924e-03,0.000000000000000000e+00,0.000000000000000000e+00,2.962880838289501492e-05,0.000000000000000000e+00
1.254375000000000065e-03,0.000000000000000000e+00,0.000000000000000000e+00,2.965258850742896331e-05,0.000000000000000000e+00
1.256249999999999988e-03,0.000000000000000000e+00,0.000000000000000000e+00,2.967645874306142293e-05,0.000000000000000000e+00
1.258125000000000129e-03,0.000000000000000000e+00,0.000000000000000000e+00,2.970041955307781305e-05,0.000000000000000000e+00
1.260000000000000052e-03,0.000000000000000000e+00,0.000000000000000000e+00,2.972447140437900468e-05,0.000000000000000000e+00
1.261874999999999976e-03,0.000000000000000000e+00,0.000000000000000000e+00,2.974861476751820372e-05,0.000000000000000000e+00
1.263750000000000116e-03,0.000000000000000000e+00,0.000000000000000000e+00,2.977285011673804426e-05,0.000000000000000000e+00
1.265625000000000040e-03,0.000000000000000000e+00,0.000000000000000000e+00,2.979717793000824090e-05,0.000000000000000000e+00
1.267499999999999964e-03,0.000000000000000000e+00,0.000000000000000000e+00,2.982159868906375942e-05,0.000000000000000000e+00
1.269375000000000104e-03,0.000000000000000000e+00,0.000000000000000000e+00,2.984611287944363120e-05,0.000000000000000000e+00
1.271250000000000028e-03,0.000000000000000000e+00,0.000000000000000000e+00,2.987072099052994051e-05,0.000000000000000000e+00
1.273124999999999951e-03,0.000000000000000000e+00,0.000000000000000000e+00,2.989542351558742154e-05,0.000000000000000000e+00
1.275000000000000092e-03,0.000000000000000000e+00,0.000000000000000000e+00,2.992022095180382806e-05,0.000000000000000000e+00
1.276875000000000015e-03,0.000000000000000000e+00,0.000000000000000000e+00,2.994511380033032665e-05,0.000000000000000000e+00
1.278749999999999939e-03,0.000000000000000000e+00,0.000000000000000000e+00,2.997010256632318774e-05,0.000000000000000000e+00
1.280625000000000079e-03,0.000000000000000000e+00,0.000000000000000000e+00,2.999518775898499877e-05,0.000000000000000000e+00
1.282500000000000003e-03,0.000000000000000000e+00,0.000000000000000000e+00,3.002036989160725307e-05,0.000000000000000000e+00
1.284374999999999926e-03,0.000000000000000000e+00,0.000000000000000000e+00,3.004564948161324696e-05,0.000000000000000000e+00
1.286250000000000067e-03,0.000000000000000000e+00,0.000000000000000000e+00,3.007102705060145124e-05,0.000000000000000000e+00
1.288124999999999990e-03,0.000000000000000000e+00,0.000000000000000000e+00,3.009650312438934343e-05,0.000000000000000000e+00
1.290000000000000131e-03,0.000000000000000000e+00,0.000000000000000000e+00,3.012207823305822939e-05,0.000000000000000000e+00
1.291875000000000055e-03,0.000000000000000000e+00,0.000000000000000000e+00,3.014775291099821739e-05,0.000000000000000000e+00
1.293749999999999978e-03,0.000000000000000000e+00,0.000000000000000000e+00,3.017352769695408321e-05,0.000000000000000000e+00
1.295625000000000119e-03,0.000000000000000000e+00,0.000000000000000000e+00,3.019940313407162320e-05,0.000000000000000000e+00
1.297500000000000042e-03,0.000000000000000000e+00,0.000000000000000000e+00,3.022537976994469172e-05,0.000000000000000000e+00
1.299374999999999966e-03,0.000000000000000000e+00,0.000000000000000000e+00,3.025145815666269253e-05,0.000000000000000000e+00
1.301250000000000106e-03,0.000000000000000000e+00,0.000000000000000000e+00,3.027763885085893431e-05,0.000000000000000000e+00
1.303125000000000030e-03,0.000000000000000000e+00,0.000000000000000000e+00,3.030392241375961615e-05,0.000000000000000000e+00
1.304999999999999953e-03,0.000000000000000000e+00,0.000000000000000000e+00,3.033030941123318933e-05,0.000000000000000000e+00
1.306875000000000094e-03,0.000000000000000000e+00,0.000000000000000000e+00,3.035680041384084722e-05,0.000000000000000000e+00
1.308750000000000017e-03,0.000000000000000000e+00,0.000000000000000000e+00,3.038339599688728290e-05,0.000000000000000000e+00
1.310624999999999941e-03,0.000000000000000000e+00,0.000000000000000000e+00,3.041009674047241574e-05,0.000000000000000000e+00
1.312500000000000082e-03,0.000000000000000000e+00,0.000000000000000000e+00,3.043690322954349073e-05,0.000000000000000000e+00
1.314375000000000005e-03,0.000000000000000000e+00,0.000000000000000000e+00,3.046381605394861097e-05,0.000000000000000000e+00
1.316249999999999929e-03,0.000000000000000000e+00,0.000000000000000000e+00,3.049083580848987031e-05,0.000000000000000000e+00
1.318125000000000069e-03,0.000000000000000000e+00,0.000000000000000000e+00,3.051796309297840037e-05,0.000000000000000000e+00
1.319999999999999993e-03,0.000000000000000000e+00,0.000000000000000000e+00,3.054519851228923455e-05,0.000000000000000000e+00
1.321875000000000133e-03,0.000000000000000000e+00,0.000000000000000000e+00,3.057254267641768989e-05,0.000000000000000000e+00
1.323750000000000057e-03,0.000000000000000000e+00,0.000000000000000000e+00,3.059999620053578971e-05,0.000000000000000000e+00
1.325624999999999980e-03,0.000000000000000000e+00,0.000000000000000000e+00,3.062755970505030221e-05,0.000000000000000000e+00
1.327500000000000121e-03,0.000000000000000000e+00,0.000000000000000000e+00,3.065523381566077248e-05,0.000000000000000000e+00
1.329375000000000044e-03,0.000000000000000000e+00,0.000000000000000000e+00,3.068301916341885539e-05,0.000000000000000000e+00
1.331249999999999968e-03,0.000000000000000000e+00,0.000000000000000000e+00,3.071091638478836691e-05,0.000000000000000000e+00
1.333125000000000109e-03,0.000000000000000000e+00,0.000000000000000000e+00,3.073892612170626363e-05,0.000000000000000000e+00
1.335000000000000032e-03,0.000000000000000000e+00,0.000000000000000000e+00,3.076704902164423906e-05,0.000000000000000000e+00
1.336874999999999956e-03,0.000000000000000000e+00,0.000000000000000000e+00,3.079528573767139048e-05,0.000000000000000000e+00
1.338750000000000096e-03,0.000000000000000000e+00,0.000000000000000000e+00,3.082363692851795649e-05,0.000000000000000000e+00
1.340625000000000020e-03,0.000000000000000000e+00,0.000000000000000000e+00,3.085210325863928493e-05,0.000000000000000000e+00
1.342499999999999943e-03,0.000000000000000000e+00,0.000000000000000000e+00,3.088068539828163039e-05,0.000000000000000000e+00
1.344375000000000084e-03,0.000000000000000000e+00,0.000000000000000000e+00,3.090938402354808729e-05,0.000000000000000000e+00
1.346250000000000007e-03,0.000000000000000000e+00,0.000000000000000000e+00,3.093819981646621695e-05,0.000000000000000000e+00
1.348124999999999931e-03,0.000000000000000000e+00,0.000000000000000000e+00,3.096713346505561374e-05,0.000000000000000000e+00
1.350000000000000071e-03,0.000000000000000000e+00,0.000000000000000000e+00,3.099618566339778190e-05,0.000000000000000000e+00
1.351874999999999995e-03,0.000000000000000000e+00,0.000000000000000000e+00,3.102535711170582264e-05,0.000000000000000000e+00
1.353750000000000136e-03,0.000000000000000000e+00,0.000000000000000000e+00,3.105464851639590338e-05,0.000000000000000000e+00
1.355625000000000059e-03,0.000000000000000000e+00,0.000000000000000000e+00,3.108406059015920135e-05,0.000000000000000000e+00
1.357499999999999983e-03,0.000000000000000000e+00,0.000000000000000000e+00,3.111359405203560901e-05,0.000000000000000000e+00
1.359375000000000123e-03,0.000000000000000000e+00,0.000000000000000000e+00,3.114324962748782572e-05,0.000000000000000000e+00
1.361250000000000047e-03,0.000000000000000000e+00,0.000000000000000000e+00,3.117302804847677075e-05,0.000000000000000000e+00
1.363124999999999970e-03,0.000000000000000000e+00,0.000000000000000000e+00,3.120293005353843294e-05,0.000000000000000000e+00
1.365000000000000111e-03,0.000000000000000000e+00,0.000000000000000000e+00,3.123295638786121491e-05,0.000000000000000000e+00
1.366875000000000034e-03,0.000000000000000000e+00,0.000000000000000000e+00,3.126310780336518150e-05,0.000000000000000000e+00
1.368749999999999958e-03,0.000000000000000000e+00,0.000000000000000000e+00,3.129338505878174863e-05,0.000000000000000000e+00
1.370625000000000098e-03,0.000000000000000000e+00,0.000000000000000000e+00,3.132378891973513395e-05,0.000000000000000000e+00
1.372500000000000022e-03,0.000000000000000000e+00,0.000000000000000000e+00,3.135432015882459364e-05,0.000000000000000000e+00
1.374374999999999946e-03,0.000000000000000000e+00,0.000000000000000000e+00,3.138497955570830573e-05,0.000000000000000000e+00
1.376250000000000086e-03,0.000000000000000000e+00,0.000000000000000000e+00,3.141576789718824957e-05,0.000000000000000000e+00
1.378125000000000010e-03,0.000000000000000000e+00,0.000000000000000000e+00,3.144668597729646093e-05,0.000000000000000000e+00
1.379999999999999933e-03,0.000000000000000000e+00,0.000000000000000000e+00,3.147773459738210017e-05,0.000000000000000000e+00
1.381875000000000074e-03,0.000000000000000000e+00,0.000000000000000000e+00,3.150891456620133263e-05,0.000000000000000000e+00
1.383749999999999997e-03,0.000000000000000000e+00,0.000000000000000000e+00,3.154022670000629418e-05,0.000000000000000000e+00
1.385625000000000138e-03,0.000000000000000000e+00,0.000000000000000000e+00,3.157167182263777018e-05,0.000000000000000000e+00
1.387500000000000061e-03,0.000000000000000000e+00,0.000000000000000000e+00,3.160325076561737976e-05,0.000000000000000000e+00
1.389374999999999985e-03,0.000000000000000000e+00,0.000000000000000000e+00,3.163496436824258585e-05,0.000000000000000000e+00
1.391250000000000125e-03,0.000000000000000000e+00,0.000000000000000000e+00,3.166681347768204391e-05,0.000000000000000000e+00
1.393125000000000049e-03,0.000000000000000000e+00,0.000000000000000000e+00,3.169879894907352580e-05,0.000000000000000000e+00
1.394999999999999973e-03,0.000000000000000000e+00,0.000000000000000000e+00,3.173092164562231108e-05,0.000000000000000000e+00
1.396875000000000113e-03,0.000000000000000000e+00,0.000000000000000000e+00,3.176318243870195003e-05,0.000000000000000000e+00
1.398750000000000037e-03,0.000000000000000000e+00,0.000000000000000000e+00,3.179558220795594155e-05,0.000000000000000000e+00
1.400624999999999960e-03,0.000000000000000000e+00,0.000000000000000000e+00,3.182812184140168098e-05,0.000000000000000000e+00
1.402500000000000101e-03,0.000000000000000000e+00,0.000000000000000000e+00,3.186080223553528894e-05,0.000000000000000000e+00
1.404375000000000024e-03,0.000000000000000000e+00,0.000000000000000000e+00,3.189362429543864238e-05,0.000000000000000000e+00
1.406249999999999948e-03,0.000000000000000000e+00,0.000000000000000000e+00,3.192658893488821496e-05,0.000000000000000000e+00
1.408125000000000088e-03,0.000000000000000000e+00,0.000000000000000000e+00,3.195969707646481182e-05,0.000000000000000000e+00
1.410000000000000012e-03,0.000000000000000000e+00,0.000000000000000000e+00,3.199294965166605561e-05,0.000000000000000000e+00
1.411874999999999936e-03,0.000000000000000000e+00,0.000000000000000000e+00,3.202634760102001082e-05,0.000000000000000000e+00
1.413750000000000076e-03,0.000000000000000000e+00,0.000000000000000000e+00,3.205989187420101727e-05,0.000000000000000000e+00
1.415625000000000000e-03,0.000000000000000000e+00,0.000000000000000000e+00,3.209358343014683137e-05,0.000000000000000000e+00
1.417500000000000140e-03,0.000000000000000000e+00,0.000000000000000000e+00,3.212742323717851853e-05,0.000000000000000000e+00
1.419375000000000064e-03,0.000000000000000000e+00,0.000000000000000000e+00,3.216141227312142983e-05,0.000000000000000000e+00
1.421249999999999987e-03,0.000000000000000000e+00,0.000000000000000000e+00,3.219555152542878071e-05,0.000000000000000000e+00
1.423125000000000128e-03,0.000000000000000000e+00,0.000000000000000000e+00,3.222984199130676114e-05,0.000000000000000000e+00
1.425000000000000051e-03,0.000000000000000000e+00,0.000000000000000000e+00,3.226428467784191580e-05,0.000000000000000000e+00
1.426874999999999975e-03,0.000000000000000000e+00,0.000000000000000000e+00,3.229888060213078759e-05,0.000000000000000000e+00
1.428750000000000115e-03,0.000000000000000000e+00,0.000000000000000000e+00,3.233363079141143810e-05,0.000000000000000000e+00
1.430625000000000039e-03,0.000000000000000000e+00,0.000000000000000000e+00,3.236853628319701456e-05,0.000000000000000000e+00
1.432499999999999963e-03,0.000000000000000000e+00,0.000000000000000000e+00,3.240359812541212213e-05,0.000000000000000000e+00
1.434375000000000103e-03,0.000000000000000000e+00,0.000000000000000000e+00,3.243881737653053792e-05,0.000000000000000000e+00
1.436250000000000027e-03,0.000000000000000000e+00,0.000000000000000000e+00,3.247419510571622502e-05,0.000000000000000000e+00
1.438124999999999950e-03,0.000000000000000000e+00,0.000000000000000000e+00,3.250973239296594576e-05,0.000000000000000000e+00
1.440000000000000091e-03,0.000000000000000000e+00,0.000000000000000000e+00,3.254543032925477517e-05,0.000000000000000000e+00
1.441875000000000014e-03,0.000000000000000000e+00,0.000000000000000000e+00,3.258129001668351183e-05,0.000000000000000000e+00
1.443749999999999938e-03,0.000000000000000000e+00,0.000000000000000000e+00,3.261731256862933457e-05,0.000000000000000000e+00
1.445625000000000078e-03,0.000000000000000000e+00,0.000000000000000000e+00,3.265349910989827511e-05,0.000000000000000000e+00
1.447500000000000002e-03,0.000000000000000000e+00,0.000000000000000000e+00,3.268985077688061139e-05,0.000000000000000000e+00
1.449375000000000142e-03,0.000000000000000000e+00,0.000000000000000000e+00,3.272636871770915430e-05,0.000000000000000000e+00
1.451250000000000066e-03,0.000000000000000000e+00,0.000000000000000000e+00,3.276305409241968248e-05,0.000000000000000000e+00
1.453124999999999990e-03,0.000000000000000000e+00,0.000000000000000000e+00,3.279990807311477206e-05,0.000000000000000000e+00
1.455000000000000130e-03,0.000000000000000000e+00,0.000000000000000000e+00,3.283693184412982867e-05,0.000000000000000000e+00
1.456875000000000054e-03,0.000000000000000000e+00,0.000000000000000000e+00,3.287412660220244659e-05,0.000000000000000000e+00
1.458749999999999977e-03,0.000000000000000000e+00,0.000000000000000000e+00,3.291149355664460037e-05,0.000000000000000000e+00
1.460625000000000118e-03,0.000000000000000000e+00,0.000000000000000000e+00,3.294903392951781804e-05,0.000000000000000000e+00
1.462500000000000041e-03,0.000000000000000000e+00,0.000000000000000000e+00,3.298674895581114614e-05,0.000000000000000000e+00
1.464374999999999965e-03,0.000000000000000000e+00,0.000000000000000000e+00,3.302463988362280774e-05,0.000000000000000000e+00
1.466250000000000105e-03,0.000000000000000000e+00,0.000000000000000000e+00,3.306270797434472013e-05,0.000000000000000000e+00
1.468125000000000029e-03,0.000000000000000000e+00,0.000000000000000000e+00,3.310095450285004825e-05,0.000000000000000000e+00
1.469999999999999953e-03,0.000000000000000000e+00,0.000000000000000000e+00,3.313938075768465446e-05,0.000000000000000000e+00
1.471875000000000093e-03,0.000000000000000000e+00,0.000000000000000000e+00,3.317798804126146885e-05,0.000000000000000000e+00
1.473750000000000017e-03,0.000000000000000000e+00,0.000000000000000000e+00,3.321677767005857304e-05,0.000000000000000000e+00
1.475624999999999940e-03,0.000000000000000000e+00,0.000000000000000000e+00,3.325575097482072619e-05,0.000000000000000000e+00
1.477500000000000081e-03,0.000000000000000000e+00,0.000000000000000000e+00,3.329490930076469941e-05,0.000000000000000000e+00
1.479375000000000004e-03,0.000000000000000000e+00,0.000000000000000000e+00,3.333425400778816081e-05,0.000000000000000000e+00
1.481250000000000145e-03,0.000000000000000000e+00,0.000000000000000000e+00,3.337378647068236885e-05,0.000000000000000000e+00
1.483125000000000068e-03,0.000000000000000000e+00,0.000000000000000000e+00,3.341350807934852495e-05,0.000000000000000000e+00
1.484999999999999992e-03,0.000000000000000000e+00,0.000000000000000000e+00,3.345342023901904554e-05,0.000000000000000000e+00
1.486875000000000132e-03,0.000000000000000000e+00,0.000000000000000000e+00,3.349352437048111778e-05,0.000000000000000000e+00
1.488750000000000056e-03,0.000000000000000000e+00,0.000000000000000000e+00,3.353382191030622521e-05,0.000000000000000000e+00
1.490624999999999980e-03,0.000000000000000000e+00,0.000000000000000000e+00,3.357431431108289199e-05,0.000000000000000000e+00
1.492500000000000120e-03,0.000000000000000000e+00,0.000000000000000000e+00,3.361500304165381155e-05,0.000000000000000000e+00
1.494375000000000044e-03,0.000000000000000000e+00,0.000000000000000000e+00,3.365588958735777947e-05,0.000000000000000000e+00
1.496249999999999967e-03,0.000000000000000000e+00,0.000000000000000000e+00,3.369697545027551603e-05,0.000000000000000000e+00
1.498125000000000108e-03,0.000000000000000000e+00,0.000000000000000000e+00,3.373826214948110624e-05,0.000000000000000000e+00
1.500000000000000031e-03,0.000000000000000000e+00,0.000000000000000000e+00,3.377975122129694318e-05,0.000000000000000000e+00
