r_m,Bx_T,By_T,Bz_T,Brho_xy_T_z_probe
0.000000000000000000e+00,3.544494580402370088e-13,1.874817159702921091e-11,2.177626271935322985e-05,1.875152187556940432e-11
1.875000000000000048e-06,8.638945972645228598e-12,1.875331401784637979e-11,2.177627162019146010e-05,2.064747379633248800e-11
3.750000000000000095e-06,1.692349823516831854e-11,1.875849765097247556e-11,2.177629605603720875e-05,2.526432319768897022e-11
5.625000000000000354e-06,2.520815745635193975e-11,1.876372253253892187e-11,2.177633602704916234e-05,3.142496596055978005e-11
7.500000000000000190e-06,3.349297484890000042e-11,1.876898869913393022e-11,2.177639153348215581e-05,3.839341481318463497e-11
9.375000000000000873e-06,4.177800162839861617e-11,1.877429618780426424e-11,2.177646257568708780e-05,4.580257217023820114e-11
1.125000000000000071e-05,5.006328901424006758e-11,1.877964503605386314e-11,2.177654915411093422e-05,5.346969211248100246e-11
1.312500000000000054e-05,5.834888823053591066e-11,1.878503528184748976e-11,2.177665126929656864e-05,6.129820803481800667e-11
1.500000000000000038e-05,6.663485050703997792e-11,1.879046696360839765e-11,2.177676892188315874e-05,6.923355364854548454e-11
1.687500000000000022e-05,7.492122708007072354e-11,1.879594012022113895e-11,2.177690211260588507e-05,7.724297788269468336e-11
1.875000000000000175e-05,8.320806919342704153e-11,1.880145479103218800e-11,2.177705084229602915e-05,8.530578808707747011e-11
2.062499999999999989e-05,9.149542809930986131e-11,1.880701101584901078e-11,2.177721511188099380e-05,9.340833488734420982e-11
2.250000000000000142e-05,9.978335505924895180e-11,1.881260883494328962e-11,2.177739492238425572e-05,1.015412832204553719e-10
2.437499999999999956e-05,1.080719013450147072e-10,1.881824828905019618e-11,2.177759027492562972e-05,1.096980507073618516e-10
2.625000000000000109e-05,1.163611182395441498e-10,1.882392941936909906e-11,2.177780117072096046e-05,1.178738739362652971e-10
2.812499999999999923e-05,1.246510570378679278e-10,1.882965226756585152e-11,2.177802761108228502e-05,1.260652284540636289e-10
3.000000000000000076e-05,1.329417690480235363e-10,1.883541687577161526e-11,2.177826959741788039e-05,1.342694562679916694e-10
3.187500000000000229e-05,1.412333055919832321e-10,1.884122328658545191e-11,2.177852713123246671e-05,1.424845195218536563e-10
3.375000000000000043e-05,1.495257180065792359e-10,1.884707154307388675e-11,2.177880021412665165e-05,1.507088333546935804e-10
3.562499999999999857e-05,1.578190576444242288e-10,1.885296168877313824e-11,2.177908884779762835e-05,1.589411498643836101e-10
3.750000000000000349e-05,1.661133758748377951e-10,1.885889376768868505e-11,2.177939303403890437e-05,1.671804758896089230e-10
3.937500000000000163e-05,1.744087240847682885e-10,1.886486782429702707e-11,2.177971277474024072e-05,1.754260136778608645e-10
4.124999999999999977e-05,1.827051536797272368e-10,1.887088390354640914e-11,2.178004807188796014e-05,1.836771173566099592e-10
4.312499999999999792e-05,1.910027160847051594e-10,1.887694205085707959e-11,2.178039892756461512e-05,1.919332605176234140e-10
4.500000000000000283e-05,1.993014627451036712e-10,1.888304231212382347e-11,2.178076534394942490e-05,2.001940117468537278e-10
4.687500000000000098e-05,2.076014451276692138e-10,1.888918473371553925e-11,2.178114732331809259e-05,2.084590159215980870e-10
4.874999999999999912e-05,2.159027147214109163e-10,1.889536936247587214e-11,2.178154486804269329e-05,2.167279797520830955e-10
5.062500000000000404e-05,2.242053230385358004e-10,1.890159624572585076e-11,2.178195798059209427e-05,2.250006604866986402e-10
5.250000000000000218e-05,2.325093216153830031e-10,1.890786543126427157e-11,2.178238666353178891e-05,2.332768570030306697e-10
5.437500000000000032e-05,2.408147620133484357e-10,1.891417696736717228e-11,2.178283091952384592e-05,2.415564027176645051e-10
5.624999999999999846e-05,2.491216958198199113e-10,1.892053090279110173e-11,2.178329075132716340e-05,2.498391598964949092e-10
5.812500000000000338e-05,2.574301746491119107e-10,1.892692728677248340e-11,2.178376616179745535e-05,2.581250150535415296e-10
6.000000000000000152e-05,2.657402501433968583e-10,1.893336616903009368e-11,2.178425715388715336e-05,2.664138752031615120e-10
6.187499999999999966e-05,2.740519739736422148e-10,1.893984759976487770e-11,2.178476373064567768e-05,2.747056647867899052e-10
6.375000000000000458e-05,2.823653978405490164e-10,1.894637162966164249e-11,2.178528589521939318e-05,2.830003231368840361e-10
6.562499999999999595e-05,2.906805734754839528e-10,1.895293830988954810e-11,2.178582365085159241e-05,2.912978023717561405e-10
6.750000000000000086e-05,2.989975526414201813e-10,1.895954769210452774e-11,2.178637700088267853e-05,2.995980656383615860e-10
6.937500000000000578e-05,3.073163871338820708e-10,1.896619982844893240e-11,2.178694594875021280e-05,3.079010856378306636e-10
7.124999999999999715e-05,3.156371287818791403e-10,1.897289477155377965e-11,2.178753049798890098e-05,3.162068433821143837e-10
7.312500000000000206e-05,3.239598294488497684e-10,1.897963257453869560e-11,2.178813065223071869e-05,3.245153271406334008e-10
7.500000000000000698e-05,3.322845410336099698e-10,1.898641329101480347e-11,2.178874641520494194e-05,3.328265315439471693e-10
7.687499999999999835e-05,3.406113154712912627e-10,1.899323697508348287e-11,2.178937779073820131e-05,3.411404568178262620e-10
7.875000000000000327e-05,3.489402047342898588e-10,1.900010368134036352e-11,2.179002478275451923e-05,3.494571081261759193e-10
8.062500000000000818e-05,3.572712608332156978e-10,1.900701346487455946e-11,2.179068739527565557e-05,3.577764950052051152e-10
8.249999999999999955e-05,3.656045358178383800e-10,1.901396638126989045e-11,2.179136563242079931e-05,3.660986308744203855e-10
8.437500000000000447e-05,3.739400817780399755e-10,1.902096248660767042e-11,2.179205949840683622e-05,3.744235326125805786e-10
8.624999999999999583e-05,3.822779508447670568e-10,1.902800183746571558e-11,2.179276899754837595e-05,3.827512201887810752e-10
8.812500000000000075e-05,3.906181951909802508e-10,1.903508449092217330e-11,2.179349413425791466e-05,3.910817163405051158e-10
9.000000000000000567e-05,3.989608670326127339e-10,1.904221050455408425e-11,2.179423491304575372e-05,3.994150462918414680e-10
9.187499999999999703e-05,4.073060186295298140e-10,1.904937993644114997e-11,2.179499133852035207e-05,4.077512375061561312e-10
9.375000000000000195e-05,4.156537022864792050e-10,1.905659284516491537e-11,2.179576341538808564e-05,4.160903194684099867e-10
9.562500000000000687e-05,4.240039703540534522e-10,1.906384928981194173e-11,2.179655114845333887e-05,4.244323234930931989e-10
9.749999999999999823e-05,4.323568752296607833e-10,1.907114932997323803e-11,2.179735454261925344e-05,4.327772825543441334e-10
9.937500000000000315e-05,4.407124693584752293e-10,1.907849302574753414e-11,2.179817360288675932e-05,4.411252311353074640e-10
1.012500000000000081e-04,4.490708052344075787e-10,1.908588043774094150e-11,2.179900833435547257e-05,4.494762050942885425e-10
1.031249999999999994e-04,4.574319354010727660e-10,1.909331162707000987e-11,2.179985874222343788e-05,4.578302415455532090e-10
1.050000000000000044e-04,4.657959124527597402e-10,1.910078665536093889e-11,2.180072483178735894e-05,4.661873787529566040e-10
1.068750000000000093e-04,4.741627890353989051e-10,1.910830558475308714e-11,2.180160660844266622e-05,4.745476560348270143e-10
1.087500000000000006e-04,4.825326178475336420e-10,1.911586847789906584e-11,2.180250407768344242e-05,4.829111136787578947e-10
1.106250000000000056e-04,4.909054516413043970e-10,1.912347539796706853e-11,2.180341724510287648e-05,4.912777928651463938e-10
1.124999999999999969e-04,4.992813432234119322e-10,1.913112640864156902e-11,2.180434611639303321e-05,4.996477355984292611e-10
1.143750000000000018e-04,5.076603454561022911e-10,1.913882157412462999e-11,2.180529069734514461e-05,5.080209846451771674e-10
1.162500000000000068e-04,5.160425112581539357e-10,1.914656095913850087e-11,2.180625099384955574e-05,5.163975834782575311e-10
1.181249999999999981e-04,5.244278936058473051e-10,1.915434462892601526e-11,2.180722701189605670e-05,5.247775762263757777e-10
1.200000000000000030e-04,5.328165455339578461e-10,1.916217264925240042e-11,2.180821875757375387e-05,5.331610076284460924e-10
1.218750000000000080e-04,5.412085201367469751e-10,1.917004508640695098e-11,2.180922623707135798e-05,5.415479229922523452e-10
1.237499999999999993e-04,5.496038705689391862e-10,1.917796200720465099e-11,2.181024945667724501e-05,5.499383681569318313e-10
1.256250000000000042e-04,5.580026500467216978e-10,1.918592347898714009e-11,2.181128842277951722e-05,5.583323894589187976e-10
1.275000000000000092e-04,5.664049118487450316e-10,1.919392956962474586e-11,2.181234314186613528e-05,5.667300337009751110e-10
1.293750000000000141e-04,5.748107093171057033e-10,1.920198034751879737e-11,2.181341362052520964e-05,5.751313481239748170e-10
1.312499999999999919e-04,5.832200958583462835e-10,1.921007588160073661e-11,2.181449986544478371e-05,5.835363803812025013e-10
1.331249999999999968e-04,5.916331249444753117e-10,1.921821624133707187e-11,2.181560188341317264e-05,5.919451785149228817e-10
1.350000000000000017e-04,6.000498501139421284e-10,1.922640149672811435e-11,2.181671968131921070e-05,6.003577909349372879e-10
1.368750000000000066e-04,6.084703249726637167e-10,1.923463171831129336e-11,2.181785326615201068e-05,6.087742663990307664e-10
1.387500000000000116e-04,6.168946031950287962e-10,1.924290697716224196e-11,2.181900264500152294e-05,6.171946539950615524e-10
1.406250000000000165e-04,6.253227385249054320e-10,1.925122734489669693e-11,2.182016782505831861e-05,6.256190031245631445e-10
1.424999999999999943e-04,6.337547847766546416e-10,1.925959289367171691e-11,2.182134881361385379e-05,6.340473634877238421e-10
1.443749999999999992e-04,6.421907958361524796e-10,1.926800369618811223e-11,2.182254561806063227e-05,6.424797850696216332e-10
1.462500000000000041e-04,6.506308256618030238e-10,1.927645982569150152e-11,2.182375824589224270e-05,6.509163181275846674e-10
1.481250000000000090e-04,6.590749282855611844e-10,1.928496135597408561e-11,2.182498670470365345e-05,6.593570131795967691e-10
1.500000000000000140e-04,6.675231578139637842e-10,1.929350836137633099e-11,2.182623100219131758e-05,6.678019209936554481e-10
1.518749999999999918e-04,6.759755684291484383e-10,1.930210091679024620e-11,2.182749114615301363e-05,6.762510925779804601e-10
1.537499999999999967e-04,6.844322143898899085e-10,1.931073909765855466e-11,2.182876714448850290e-05,6.847045791720294871e-10
1.556250000000000016e-04,6.928931500326260135e-10,1.931942297997860441e-11,2.183005900519913644e-05,6.931624322382269522e-10
1.575000000000000065e-04,7.013584297725062874e-10,1.932815264030299814e-11,2.183136673638856316e-05,7.016247034543770155e-10
1.593750000000000114e-04,7.098281081044198550e-10,1.933692815574234297e-11,2.183269034626229615e-05,7.100914447066661427e-10
1.612500000000000164e-04,7.183022396040391270e-10,1.934574960396624885e-11,2.183402984312836999e-05,7.185627080832387043e-10
1.631249999999999942e-04,7.267808789288714564e-10,1.935461706320541593e-11,2.183538523539714759e-05,7.270385458682959716e-10
1.649999999999999991e-04,7.352640808192993187e-10,1.936353061225363784e-11,2.183675653158173699e-05,7.355190105366555436e-10
1.668750000000000040e-04,7.437519000996430315e-10,1.937249033047027037e-11,2.183814374029782528e-05,7.440041547487712026e-10
1.687500000000000089e-04,7.522443916792010382e-10,1.938149629778073222e-11,2.183954687026410217e-05,7.524940313461311016e-10
1.706250000000000139e-04,7.607416105533156263e-10,1.939054859468019833e-11,2.184096593030242597e-05,7.609886933470529985e-10
1.724999999999999917e-04,7.692436118044379229e-10,1.939964730223394553e-11,2.184240092933785747e-05,7.694881939428231836e-10
1.743749999999999966e-04,7.777504506031857546e-10,1.940879250208015403e-11,2.184385187639875485e-05,7.779925864941435324e-10
1.762500000000000015e-04,7.862621822094139168e-10,1.941798427643144541e-11,2.184531878061723103e-05,7.865019245278865793e-10
1.781250000000000064e-04,7.947788619732856818e-10,1.942722270807812675e-11,2.184680165122909610e-05,7.950162617341235610e-10
1.800000000000000113e-04,8.033005453363487547e-10,1.943650788038832310e-11,2.184830049757398944e-05,8.035356519634083689e-10
1.818750000000000163e-04,8.118272878326066788e-10,1.944583987731097279e-11,2.184981532909569145e-05,8.120601492242923887e-10
1.837499999999999941e-04,8.203591450896160906e-10,1.945521878337841233e-11,2.185134615534237086e-05,8.205898076810819099e-10
1.856249999999999990e-04,8.288961728295526455e-10,1.946464468370761724e-11,2.185289298596644923e-05,8.291246816517661421e-10
1.875000000000000039e-04,8.374384268703133396e-10,1.947411766400228287e-11,2.185445583072507186e-05,8.376648256061708444e-10
1.893750000000000088e-04,8.459859631266036313e-10,1.948363781055574864e-11,2.185603469948018576e-05,8.462102941642698428e-10
1.912500000000000137e-04,8.545388376110437960e-10,1.949320521025180262e-11,2.185762960219867176e-05,8.547611420946806991e-10
1.931249999999999916e-04,8.630971064352477758e-10,1.950281995056829072e-11,2.185924054895266980e-05,8.633174243132833190e-10
1.949999999999999965e-04,8.716608258109468014e-10,1.951248211957853194e-11,2.186086754991957551e-05,8.718791958820262274e-10
1.968750000000000014e-04,8.802300520510923339e-10,1.952219180595299215e-11,2.186251061538238241e-05,8.804465120078431685e-10
1.987500000000000063e-04,8.888048415709668649e-10,1.953194909896264774e-11,2.186416975572990555e-05,8.890194280417025717e-10
2.006250000000000112e-04,8.973852508892904775e-10,1.954175408848014233e-11,2.186584498145673408e-05,8.975979994777670328e-10
2.025000000000000161e-04,9.059713366293579094e-10,1.955160686498289523e-11,2.186753630316363441e-05,9.061822819526920716e-10
2.043749999999999940e-04,9.145631555201495597e-10,1.956150751955434217e-11,2.186924373155781112e-05,9.147723312449993361e-10
2.062499999999999989e-04,9.231607643974626588e-10,1.957145614388757682e-11,2.187096727745285271e-05,9.233682032745657145e-10
2.081250000000000038e-04,9.317642202050440916e-10,1.958145283028644621e-11,2.187270695176909760e-05,9.319699541022010601e-10
2.100000000000000087e-04,9.403735799957221880e-10,1.959149767166780281e-11,2.187446276553386780e-05,9.405776399293094603e-10
2.118750000000000136e-04,9.489889009325610532e-10,1.960159076156551443e-11,2.187623472988159778e-05,9.491913170976513193e-10
2.137500000000000185e-04,9.576102402899859469e-10,1.961173219413005711e-11,2.187802285605407152e-05,9.578110420891475225e-10
2.156249999999999964e-04,9.662376554549375103e-10,1.962192206413396932e-11,2.187982715540053781e-05,9.664368715257844148e-10
2.175000000000000013e-04,9.748712039280407796e-10,1.963216046697187783e-11,2.188164763937816418e-05,9.750688621695949815e-10
2.193750000000000062e-04,9.835109433247423518e-10,1.964244749866360929e-11,2.188348431955203357e-05,9.837070709226716704e-10
2.212500000000000111e-04,9.921569313764845683e-10,1.965278325585721144e-11,2.188533720759533742e-05,9.923515548272718567e-10
2.231250000000000160e-04,1.000809225931863361e-09,1.966316783583079161e-11,2.188720631528984662e-05,1.001002371065960738e-09
2.249999999999999938e-04,1.009467884957815875e-09,1.967360133649522119e-11,2.188909165452588443e-05,1.009659576961835917e-09
2.268749999999999988e-04,1.018132966540773769e-09,1.968408385639617133e-11,2.189099323730258733e-05,1.018323229978763555e-09
2.287500000000000037e-04,1.026804528887862209e-09,1.969461549471731822e-11,2.189291107572817274e-05,1.026993387721707598e-09
2.306250000000000086e-04,1.035482630328075502e-09,1.970519635128259847e-11,2.189484518202038278e-05,1.035670107937074910e-09
2.325000000000000135e-04,1.044167329313477543e-09,1.971582652655832550e-11,2.189679556850623025e-05,1.044353448513129491e-09
2.343750000000000184e-04,1.052858684420381368e-09,1.972650612165658878e-11,2.189876224762266603e-05,1.053043467480418881e-09
2.362499999999999962e-04,1.061556754350554778e-09,1.973723523833728621e-11,2.190074523191657909e-05,1.061740223012266547e-09
2.381250000000000012e-04,1.070261597932437943e-09,1.974801397901061858e-11,2.190274453404524716e-05,1.070443773425307270e-09
2.400000000000000061e-04,1.078973274122335787e-09,1.975884244674022706e-11,2.190476016677618079e-05,1.079154177180030397e-09
2.418750000000000110e-04,1.087691842005641176e-09,1.976972074524535809e-11,2.190679214298780784e-05,1.087871492881383479e-09
2.437500000000000159e-04,1.096417360798058944e-09,1.978064897890403314e-11,2.190884047566950729e-05,1.096595779279405887e-09
2.456250000000000208e-04,1.105149889846808818e-09,1.979162725275516190e-11,2.191090517792185325e-05,1.105327095269868845e-09
2.474999999999999986e-04,1.113889488631889971e-09,1.980265567250185748e-11,2.191298626295685545e-05,1.114065499895000457e-09
2.493750000000000307e-04,1.122636216767292840e-09,1.981373434451388566e-11,2.191508374409825745e-05,1.122811052344184668e-09
2.512500000000000085e-04,1.131390134002239277e-09,1.982486337582992664e-11,2.191719763478192288e-05,1.131563811954710488e-09
2.531249999999999863e-04,1.140151300222444002e-09,1.983604287416178211e-11,2.191932794855560161e-05,1.140323838212564637e-09
2.550000000000000183e-04,1.148919775451356612e-09,1.984727294789574521e-11,2.192147469907992593e-05,1.149091190753224810e-09
2.568749999999999961e-04,1.157695619851413105e-09,1.985855370609584790e-11,2.192363790012779386e-05,1.157865929362482513e-09
2.587500000000000282e-04,1.166478893725303744e-09,1.986988525850692732e-11,2.192581756558562955e-05,1.166648113977301475e-09
2.606250000000000060e-04,1.175269657517257873e-09,1.988126771555786989e-11,2.192801370945283103e-05,1.175437804686709137e-09
2.624999999999999838e-04,1.184067971814278482e-09,1.989270118836340139e-11,2.193022634584229196e-05,1.184235061732656511e-09
2.643750000000000158e-04,1.192873897347463013e-09,1.990418578872796438e-11,2.193245548898086243e-05,1.193039945510978323e-09
2.662499999999999936e-04,1.201687494993263773e-09,1.991572162914858099e-11,2.193470115320945058e-05,1.201852516572310157e-09
2.681250000000000256e-04,1.210508825774786608e-09,1.992730882281713091e-11,2.193696335298318866e-05,1.210672835623056665e-09
2.700000000000000035e-04,1.219337950863093504e-09,1.993894748362399941e-11,2.193924210287193105e-05,1.219500963526377361e-09
2.718749999999999813e-04,1.228174931578486170e-09,1.995063772616110813e-11,2.194153741756045756e-05,1.228336961303167657e-09
2.737500000000000133e-04,1.237019829391843167e-09,1.996237966572466811e-11,2.194384931184877499e-05,1.237180890133105454e-09
2.756249999999999911e-04,1.245872705925905564e-09,1.997417341831814917e-11,2.194617780065216114e-05,1.246032811355657407e-09
2.775000000000000231e-04,1.254733622956624197e-09,1.998601910065558222e-11,2.194852289900184247e-05,1.254892786471158188e-09
2.793750000000000009e-04,1.263602642414464556e-09,1.999791683016485502e-11,2.195088462204505166e-05,1.263760877141859971e-09
2.812500000000000330e-04,1.272479826385761288e-09,2.000986672499039732e-11,2.195326298504538342e-05,1.272637145193039410e-09
2.831250000000000108e-04,1.281365237114036103e-09,2.002186890399674806e-11,2.195565800338292319e-05,1.281521652614078345e-09
2.849999999999999886e-04,1.290258937001367794e-09,2.003392348677163790e-11,2.195806969255490446e-05,1.290414461559608212e-09
2.868750000000000206e-04,1.299160988609715311e-09,2.004603059362891023e-11,2.196049806817561390e-05,1.299315634350612049e-09
2.887499999999999984e-04,1.308071454662310940e-09,2.005819034561160044e-11,2.196294314597690972e-05,1.308225233475610264e-09
2.906250000000000304e-04,1.316990398044995372e-09,2.007040286449665670e-11,2.196540494180864524e-05,1.317143321591791801e-09
2.925000000000000083e-04,1.325917881807610676e-09,2.008266827279623889e-11,2.196788347163847232e-05,1.326069961526214591e-09
2.943749999999999861e-04,1.334853969165371971e-09,2.009498669376215496e-11,2.197037875155287138e-05,1.335005216276989031e-09
2.962500000000000181e-04,1.343798723500245717e-09,2.010735825138942176e-11,2.197289079775680245e-05,1.343949149014478029e-09
2.981249999999999959e-04,1.352752208362352195e-09,2.011978307041830382e-11,2.197541962657454875e-05,1.352901823082525561e-09
3.000000000000000279e-04,1.361714487471363864e-09,2.013226127633947361e-11,2.197796525444953040e-05,1.361863301999689596e-09
3.018750000000000057e-04,1.370685624717909491e-09,2.014479299539591791e-11,2.198052769794501927e-05,1.370833649460485338e-09
3.037499999999999836e-04,1.379665684164981192e-09,2.015737835458755513e-11,2.198310697374431522e-05,1.379812929336638618e-09
3.056250000000000156e-04,1.388654730049364625e-09,2.017001748167341315e-11,2.198570309865107469e-05,1.388801205678366574e-09
3.074999999999999934e-04,1.397652826783074559e-09,2.018271050517655365e-11,2.198831608958972747e-05,1.397798542715671362e-09
3.093750000000000254e-04,1.406660038954750747e-09,2.019545755438687994e-11,2.199094596360550382e-05,1.406805004859597470e-09
3.112500000000000032e-04,1.415676431331146021e-09,2.020825875936400952e-11,2.199359273786512898e-05,1.415820656703586226e-09
3.131249999999999810e-04,1.424702068858555451e-09,2.022111425094223070e-11,2.199625642965718917e-05,1.424845563024778402e-09
3.150000000000000131e-04,1.433737016664270945e-09,2.023402416073308428e-11,2.199893705639190450e-05,1.433879788785343494e-09
3.168749999999999909e-04,1.442781340058044947e-09,2.024698862112993893e-11,2.200163463560221664e-05,1.442923399133825127e-09
3.187500000000000229e-04,1.451835104533566950e-09,2.026000776531027559e-11,2.200434918494350415e-05,1.451976459406502805e-09
3.206250000000000007e-04,1.460898375769941875e-09,2.027308172724046965e-11,2.200708072219438889e-05,1.461039035128758412e-09
3.225000000000000327e-04,1.469971219633183343e-09,2.028621064167956493e-11,2.200982926525699691e-05,1.470111192016463602e-09
3.243750000000000105e-04,1.479053702177691015e-09,2.029939464418199109e-11,2.201259483215685679e-05,1.479192995977351882e-09
3.262499999999999884e-04,1.488145889647767437e-09,2.031263387110234905e-11,2.201537744104392624e-05,1.488284513112438058e-09
3.281250000000000204e-04,1.497247848479130538e-09,2.032592845959901693e-11,2.201817711019254131e-05,1.497385809717432295e-09
3.299999999999999982e-04,1.506359645300423859e-09,2.033927854763783684e-11,2.202099385800184665e-05,1.506496952284158116e-09
3.318750000000000302e-04,1.515481346934743728e-09,2.035268427399569501e-11,2.202382770299629694e-05,1.515618007501990041e-09
3.337500000000000080e-04,1.524613020401179477e-09,2.036614577826483543e-11,2.202667866382567390e-05,1.524749042259305287e-09
3.356249999999999858e-04,1.533754732916350754e-09,2.037966320085653689e-11,2.202954675926600440e-05,1.533890123644939193e-09
3.375000000000000179e-04,1.542906551895968622e-09,2.039323668300548482e-11,2.203243200821935043e-05,1.543041318949663393e-09
3.393749999999999957e-04,1.552068544956377419e-09,2.040686636677324795e-11,2.203533442971459174e-05,1.552202695667649512e-09
3.412500000000000277e-04,1.561240779916147500e-09,2.042055239505227857e-11,2.203825404290771049e-05,1.561374321497987040e-09
3.431250000000000055e-04,1.570423324797634674e-09,2.043429491157078837e-11,2.204119086708206224e-05,1.570556264346167918e-09
3.449999999999999833e-04,1.579616247828552679e-09,2.044809406089555303e-11,2.204414492164881643e-05,1.579748592325588487e-09
3.468750000000000154e-04,1.588819617443608515e-09,2.046194998843693033e-11,2.204711622614731554e-05,1.588951373759116587e-09
3.487499999999999932e-04,1.598033502286063954e-09,2.047586284045273750e-11,2.205010480024574253e-05,1.598164677180585440e-09
3.506250000000000252e-04,1.607257971209368397e-09,2.048983276405266499e-11,2.205311066374090741e-05,1.607388571336362814e-09
3.525000000000000030e-04,1.616493093278777458e-09,2.050385990720159494e-11,2.205613383655937883e-05,1.616623125186907777e-09
3.543750000000000350e-04,1.625738937772976307e-09,2.051794441872510061e-11,2.205917433875724358e-05,1.625868407908332209e-09
3.562500000000000128e-04,1.634995574185724310e-09,2.053208644831283910e-11,2.206223219052100103e-05,1.635124488893988569e-09
3.581249999999999906e-04,1.644263072227495743e-09,2.054628614652341430e-11,2.206530741216753940e-05,1.644391437756052506e-09
3.600000000000000227e-04,1.653541501827150903e-09,2.056054366478775665e-11,2.206840002414495232e-05,1.653669324327140405e-09
3.618750000000000005e-04,1.662830933133575788e-09,2.057485915541463235e-11,2.207151004703262353e-05,1.662958218661895096e-09
3.637500000000000325e-04,1.672131436517397049e-09,2.058923277159429132e-11,2.207463750154178253e-05,1.672258191038649517e-09
3.656250000000000103e-04,1.681443082572628905e-09,2.060366466740327196e-11,2.207778240851600263e-05,1.681569311961024005e-09
3.674999999999999881e-04,1.690765942118393473e-09,2.061815499780888601e-11,2.208094478893146863e-05,1.690891652159597196e-09
3.693750000000000202e-04,1.700100086200618557e-09,2.063270391867328017e-11,2.208412466389745790e-05,1.700225282593558528e-09
3.712499999999999980e-04,1.709445586093742051e-09,2.064731158675844117e-11,2.208732205465677750e-05,1.709570274452366116e-09
3.731250000000000300e-04,1.718802513302453159e-09,2.066197815973033488e-11,2.209053698258625541e-05,1.718926699157443093e-09
3.750000000000000078e-04,1.728170939563412510e-09,2.067670379616407624e-11,2.209376946919697774e-05,1.728294628363856996e-09
3.768749999999999856e-04,1.737550936847010959e-09,2.069148865554858209e-11,2.209701953613502052e-05,1.737674133962034920e-09
3.787500000000000176e-04,1.746942577359106039e-09,2.070633289828966993e-11,2.210028720518159544e-05,1.747065288079461312e-09
3.806249999999999955e-04,1.756345933542804125e-09,2.072123668571737325e-11,2.210357249825380536e-05,1.756468163082419594e-09
3.825000000000000275e-04,1.765761078080226464e-09,2.073620018008862988e-11,2.210687543740468840e-05,1.765882831577721596e-09
3.843750000000000053e-04,1.775188083894297126e-09,2.075122354459314012e-11,2.211019604482401072e-05,1.775309366414457866e-09
3.862499999999999831e-04,1.784627024150529508e-09,2.076630694335702120e-11,2.211353434283861553e-05,1.784747840685747988e-09
3.881250000000000151e-04,1.794077972258858123e-09,2.078145054144974136e-11,2.211689035391283979e-05,1.794198327730539075e-09
3.899999999999999929e-04,1.803541001875429656e-09,2.079665450488685019e-11,2.212026410064907330e-05,1.803660901135361465e-09
3.918750000000000250e-04,1.813016186904445092e-09,2.081191900063548460e-11,2.212365560578799924e-05,1.813135634736139415e-09
3.937500000000000028e-04,1.822503601499993372e-09,2.082724419662076325e-11,2.212706489220938019e-05,1.822622602619991669e-09
3.956250000000000348e-04,1.832003320067908204e-09,2.084263026172832305e-11,2.213049198293225807e-05,1.832121879127058905e-09
3.975000000000000126e-04,1.841515417267617848e-09,2.085807736581229371e-11,2.213393690111561141e-05,1.841633538852322086e-09
3.993749999999999904e-04,1.851039968014027155e-09,2.087358567969710719e-11,2.213739967005873144e-05,1.851157656647455345e-09
4.012500000000000224e-04,1.860577047479406439e-09,2.088915537518552067e-11,2.214088031320171000e-05,1.860694307622687967e-09
4.031250000000000003e-04,1.870126731095274962e-09,2.090478662506241649e-11,2.214437885412595788e-05,1.870243567148658308e-09
4.050000000000000323e-04,1.879689094554309244e-09,2.092047960309903813e-11,2.214789531655460806e-05,1.879805510858297080e-09
4.068750000000000101e-04,1.889264213812267910e-09,2.093623448406135901e-11,2.215142972435325090e-05,1.889380214648723867e-09
4.087499999999999879e-04,1.898852165089914885e-09,2.095205144371143956e-11,2.215498210153015436e-05,1.898967754683148194e-09
4.106250000000000199e-04,1.908453024874970920e-09,2.096793065881559566e-11,2.215855247223678581e-05,1.908568207392793137e-09
4.124999999999999977e-04,1.918066869924063672e-09,2.098387230714883498e-11,2.216214086076858790e-05,1.918181649478823064e-09
4.143750000000000298e-04,1.927693777264680261e-09,2.099987656749999460e-11,2.216574729156519199e-05,1.927808157914272623e-09
4.162500000000000076e-04,1.937333824197169049e-09,2.101594361967750219e-11,2.216937178921096703e-05,1.937447809946025771e-09
4.181249999999999854e-04,1.946987088296707503e-09,2.103207364451491745e-11,2.217301437843570400e-05,1.947100683096762543e-09
4.200000000000000174e-04,1.956653647415323407e-09,2.104826682387593397e-11,2.217667508411504956e-05,1.956766855166955867e-09
4.218749999999999952e-04,1.966333579683901196e-09,2.106452334066128427e-11,2.218035393127086179e-05,1.966446404236859689e-09
4.237500000000000273e-04,1.976026963514217640e-09,2.108084337881252997e-11,2.218405094507205726e-05,1.976139408668523164e-09
4.256250000000000051e-04,1.985733877600958927e-09,2.109722712331884721e-11,2.218776615083487867e-05,1.985845947107789535e-09
4.275000000000000371e-04,1.995454400923815499e-09,2.111367476022260372e-11,2.219149957402343019e-05,1.995566098486367802e-09
4.293750000000000149e-04,2.005188612749495821e-09,2.113018647662528797e-11,2.219525124025047703e-05,2.005299942023832028e-09
4.312499999999999927e-04,2.014936592633861338e-09,2.114676246069217825e-11,2.219902117527767246e-05,2.015047557229735601e-09
4.331250000000000247e-04,2.024698420423975808e-09,2.116340290166001026e-11,2.220280940501633373e-05,2.024809023905642386e-09
4.350000000000000026e-04,2.034474176260238608e-09,2.118010798984106771e-11,2.220661595552779098e-05,2.034584422147244715e-09
4.368750000000000346e-04,2.044263940578487836e-09,2.119687791663004217e-11,2.221044085302412927e-05,2.044373832346447469e-09
4.387500000000000124e-04,2.054067794112142299e-09,2.121371287451063435e-11,2.221428412386863247e-05,2.054177335193493936e-09
4.406249999999999902e-04,2.063885817894335635e-09,2.123061305705960271e-11,2.221814579457640659e-05,2.063995011679085869e-09
4.425000000000000222e-04,2.073718093260112066e-09,2.124757865895452806e-11,2.222202589181487451e-05,2.073826943096560218e-09
4.443750000000000000e-04,2.083564701848540259e-09,2.126460987597973619e-11,2.222592444240434857e-05,2.083673211043990578e-09
4.462500000000000321e-04,2.093425725604962842e-09,2.128170690503137740e-11,2.222984147331868445e-05,2.093533897426420164e-09
4.481250000000000099e-04,2.103301246783175197e-09,2.129886994412506165e-11,2.223377701168587073e-05,2.103409084458027371e-09
4.499999999999999877e-04,2.113191347947628246e-09,2.131609919240085081e-11,2.223773108478838462e-05,2.113298854664312012e-09
4.518750000000000197e-04,2.123096111975669691e-09,2.133339485013025087e-11,2.224170372006413390e-05,2.123203290884327050e-09
4.537499999999999975e-04,2.133015622059802222e-09,2.135075711872288757e-11,2.224569494510674487e-05,2.133122476272918606e-09
4.556250000000000295e-04,2.142949961709940479e-09,2.136818620073202200e-11,2.224970478766628403e-05,2.143056494302972162e-09
4.575000000000000074e-04,2.152899214755650224e-09,2.138568229986117454e-11,2.225373327564982395e-05,2.153005428767639340e-09
4.593749999999999852e-04,2.162863465348521118e-09,2.140324562097136264e-11,2.225778043712206658e-05,2.162969363782697013e-09
4.612500000000000172e-04,2.172842797964378594e-09,2.142087637008673601e-11,2.226184630030604472e-05,2.172948383788748024e-09
4.631249999999999950e-04,2.182837297405657041e-09,2.143857475440182741e-11,2.226593089358353865e-05,2.182942573553581543e-09
4.650000000000000270e-04,2.192847048803736591e-09,2.145634098228794384e-11,2.227003424549578092e-05,2.192952018174498274e-09
4.668750000000000048e-04,2.202872137621267080e-09,2.147417526329939310e-11,2.227415638474404929e-05,2.202976803080624491e-09
4.687500000000000369e-04,2.212912649654578040e-09,2.149207780818183951e-11,2.227829734019047981e-05,2.213017014035309621e-09
4.706250000000000147e-04,2.222968671036019209e-09,2.151004882887605540e-11,2.228245714085840570e-05,2.223072737138456002e-09
4.724999999999999925e-04,2.233040288236373410e-09,2.152808853852916553e-11,2.228663581593312305e-05,2.233144058828921008e-09
4.743750000000000245e-04,2.243127588067288884e-09,2.154619715149678936e-11,2.229083339476263957e-05,2.243231065886941522e-09
4.762500000000000023e-04,2.253230657683697134e-09,2.156437488335351981e-11,2.229504990685811507e-05,2.253333845436538136e-09
4.781250000000000343e-04,2.263349584586247316e-09,2.158262195089880069e-11,2.229928538189461705e-05,2.263452484947942093e-09
4.800000000000000122e-04,2.273484456623806812e-09,2.160093857216326308e-11,2.230353984971181856e-05,2.273587072240085522e-09
4.818749999999999900e-04,2.283635361995903061e-09,2.161932496641709082e-11,2.230781334031448619e-05,2.283737695483034584e-09
4.837500000000000220e-04,2.293802389255236537e-09,2.163778135417589479e-11,2.231210588387332026e-05,2.293904443200492937e-09
4.856249999999999998e-04,2.303985627310231361e-09,2.165630795720976990e-11,2.231641751072557149e-05,2.304087404272341594e-09
4.875000000000000318e-04,2.314185165427485408e-09,2.167490499854817415e-11,2.232074825137569154e-05,2.314286667937084480e-09
4.893750000000000096e-04,2.324401093234399500e-09,2.169357270249007776e-11,2.232509813649591571e-05,2.324502323794465221e-09
4.912500000000000417e-04,2.334633500721720162e-09,2.171231129460831554e-11,2.232946719692704903e-05,2.334734461808003692e-09
4.931249999999999653e-04,2.344882478246095195e-09,2.173112100176006886e-11,2.233385546367927941e-05,2.344983172307541666e-09
4.949999999999999973e-04,2.355148116532714450e-09,2.175000205209143448e-11,2.233826296793248257e-05,2.355248545991878622e-09
4.968750000000000293e-04,2.365430506677903452e-09,2.176895467504832981e-11,2.234268974103751967e-05,2.365530673931354207e-09
4.987500000000000613e-04,2.375729740151779479e-09,2.178797910138098097e-11,2.234713581451612215e-05,2.375829647570499762e-09
5.006249999999999849e-04,2.386045908800910945e-09,2.180707556315313167e-11,2.235160122006238248e-05,2.386145558730686953e-09
5.025000000000000170e-04,2.396379104850949906e-09,2.182624429375011466e-11,2.235608598954299812e-05,2.396478499612756966e-09
5.043750000000000490e-04,2.406729420909395668e-09,2.184548552788622530e-11,2.236059015499824052e-05,2.406828562799773777e-09
5.062499999999999726e-04,2.417096949968254997e-09,2.186479950161204658e-11,2.236511374864229054e-05,2.417195841259678990e-09
5.081250000000000046e-04,2.427481785406791675e-09,2.188418645232332521e-11,2.236965680286450903e-05,2.427580428348033937e-09
5.100000000000000366e-04,2.437884020994269836e-09,2.190364661876844853e-11,2.237421935022978575e-05,2.437982417810758063e-09
5.118749999999999602e-04,2.448303750892723788e-09,2.192318024105731731e-11,2.237880142347931870e-05,2.448401903786888812e-09
5.137499999999999923e-04,2.458741069659759252e-09,2.194278756066782105e-11,2.238340305553139335e-05,2.458838980811380807e-09
5.156250000000000243e-04,2.469196072251370748e-09,2.196246882045557669e-11,2.238802427948224664e-05,2.469293743817913301e-09
5.175000000000000563e-04,2.479668854024722983e-09,2.198222426466218433e-11,2.239266512860667343e-05,2.479766288141667849e-09
5.193749999999999799e-04,2.490159510741050949e-09,2.200205413892177999e-11,2.239732563635885322e-05,2.490256709522221788e-09
5.212500000000000119e-04,2.500668138568511627e-09,2.202195869027181160e-11,2.240200583637289226e-05,2.500765104106393320e-09
5.231250000000000440e-04,2.511194834085065059e-09,2.204193816716014113e-11,2.240670576246408052e-05,2.511291568451119279e-09
5.249999999999999676e-04,2.521739694281386849e-09,2.206199281945362010e-11,2.241142544862913228e-05,2.521836199526358530e-09
5.268749999999999996e-04,2.532302816563817064e-09,2.208212289844732754e-11,2.241616492904730079e-05,2.532399094718038803e-09
5.287500000000000316e-04,2.542884298757287623e-09,2.210232865687197259e-11,2.242092423808105594e-05,2.542980351830977054e-09
5.306250000000000636e-04,2.553484239108305114e-09,2.212261034890428274e-11,2.242570341027685669e-05,2.553580069091856487e-09
5.324999999999999872e-04,2.564102736287957178e-09,2.214296823017497509e-11,2.243050248036588637e-05,2.564198345152229632e-09
5.343750000000000193e-04,2.574739889394904425e-09,2.216340255777712840e-11,2.243532148326513344e-05,2.574835279091504056e-09
5.362500000000000513e-04,2.585395797958425698e-09,2.218391359027605750e-11,2.244016045407774726e-05,2.585490970419983080e-09
5.381249999999999749e-04,2.596070561941505935e-09,2.220450158771796639e-11,2.244501942809425105e-05,2.596165519081949088e-09
5.400000000000000069e-04,2.606764281743886405e-09,2.222516681163884367e-11,2.244989844079320934e-05,2.606859025458707974e-09
5.418750000000000389e-04,2.617477058205165801e-09,2.224590952507360999e-11,2.245479752784191915e-05,2.617571590371687755e-09
5.437499999999999625e-04,2.628208992607939392e-09,2.226672999256607005e-11,2.245971672509755859e-05,2.628303315085570691e-09
5.456249999999999946e-04,2.638960186680963820e-09,2.228762848017674179e-11,2.246465606860770180e-05,2.639054301311456011e-09
5.475000000000000266e-04,2.649730742602297487e-09,2.230860525549456608e-11,2.246961559461126430e-05,2.649824651209994516e-09
5.493750000000000586e-04,2.660520763002516219e-09,2.232966058764375043e-11,2.247459533953955328e-05,2.660614467394600103e-09
5.512499999999999822e-04,2.671330350967936794e-09,2.235079474729521698e-11,2.247959534001667419e-05,2.671423852934669569e-09
5.531250000000000142e-04,2.682159610043844181e-09,2.237200800667491312e-11,2.248461563286091307e-05,2.682252911358806960e-09
5.550000000000000462e-04,2.693008644237758495e-09,2.239330063957480715e-11,2.248965625508519736e-05,2.693101746658084317e-09
5.568749999999999699e-04,2.703877558022758192e-09,2.241467292136147677e-11,2.249471724389809542e-05,2.703970463289361980e-09
5.587500000000000019e-04,2.714766456340728408e-09,2.243612512898724043e-11,2.249979863670488033e-05,2.714859166178533202e-09
5.606250000000000339e-04,2.725675444605771424e-09,2.245765754099760200e-11,2.250490047110809242e-05,2.725767960723930893e-09
5.625000000000000659e-04,2.736604628707545583e-09,2.247927043754490893e-11,2.251002278490858949e-05,2.736696952799664055e-09
5.643749999999999895e-04,2.747554115014625295e-09,2.250096410039541881e-11,2.251516561610664803e-05,2.747646248758971582e-09
5.662500000000000215e-04,2.758524010377960721e-09,2.252273881294047603e-11,2.252032900290238331e-05,2.758615955437679880e-09
5.681250000000000536e-04,2.769514422134285757e-09,2.254459486020668673e-11,2.252551298369705044e-05,2.769606180157608363e-09
5.699999999999999772e-04,2.780525458109610390e-09,2.256653252886725376e-11,2.253071759709385073e-05,2.780617030730056440e-09
5.718750000000000092e-04,2.791557226622679969e-09,2.258855210725055221e-11,2.253594288189883632e-05,2.791648615459261124e-09
5.737500000000000412e-04,2.802609836488530839e-09,2.261065388535224635e-11,2.254118887712195713e-05,2.802701043145949364e-09
5.756249999999999648e-04,2.813683397021995107e-09,2.263283815484453720e-11,2.254645562197766056e-05,2.813774423090837841e-09
5.774999999999999968e-04,2.824778018041296807e-09,2.265510520908795959e-11,2.255174315588621622e-05,2.824868865098228315e-09
5.793750000000000289e-04,2.835893809871656756e-09,2.267745534314183173e-11,2.255705151847452574e-05,2.835984479479607508e-09
5.812500000000000609e-04,2.847030883348899473e-09,2.269988885377441086e-11,2.256238074957700023e-05,2.847121377057252789e-09
5.831249999999999845e-04,2.858189349823094843e-09,2.272240603947513286e-11,2.256773088923659374e-05,2.858279669167869700e-09
5.850000000000000165e-04,2.869369321162290771e-09,2.274500720046349805e-11,2.257310197770575865e-05,2.869459467666322540e-09
5.868750000000000485e-04,2.880570909756158561e-09,2.276769263870360818e-11,2.257849405544752312e-05,2.880660884929275200e-09
5.887499999999999721e-04,2.891794228519758250e-09,2.279046265791153032e-11,2.258390716313626021e-05,2.891884033858955661e-09
5.906250000000000042e-04,2.903039390897327088e-09,2.281331756356891625e-11,2.258934134165888047e-05,2.903129027886941590e-09
5.925000000000000362e-04,2.914306510866037012e-09,2.283625766293433741e-11,2.259479663211574676e-05,2.914395980977914910e-09
5.943750000000000682e-04,2.925595702939812908e-09,2.285928326505409965e-11,2.260027307582157887e-05,2.925685007633475515e-09
5.962499999999999918e-04,2.936907082173220774e-09,2.288239468077343277e-11,2.260577071430659534e-05,2.936996222896030261e-09
5.981250000000000238e-04,2.948240764165338926e-09,2.290559222274930862e-11,2.261128958931772975e-05,2.948329742352659211e-09
6.000000000000000559e-04,2.959596865063648642e-09,2.292887620546189879e-11,2.261682974281905431e-05,2.959685682139004206e-09
6.018749999999999795e-04,2.970975501567991393e-09,2.295224694522531511e-11,2.262239121699352807e-05,2.971064158943224860e-09
6.037500000000000115e-04,2.982376790934544276e-09,2.297570476020082509e-11,2.262797405424350856e-05,2.982465290009970678e-09
6.056250000000000435e-04,2.993800850979833076e-09,2.299924997040884282e-11,2.263357829719211720e-05,2.993889193144391233e-09
6.074999999999999671e-04,3.005247800084720107e-09,2.302288289774057736e-11,2.263920398868396098e-05,3.005335986716123169e-09
6.093749999999999991e-04,3.016717757198522745e-09,2.304660386597040816e-11,2.264485117178668421e-05,3.016805789663405019e-09
6.112500000000000312e-04,3.028210841843106313e-09,2.307041320076806009e-11,2.265051988979161228e-05,3.028298721497168848e-09
6.131250000000000632e-04,3.039727174116975738e-09,2.309431122971202252e-11,2.265621018621499509e-05,3.039814902305130250e-09
6.149999999999999868e-04,3.051266874699473896e-09,2.311829828230113307e-11,2.266192210479907093e-05,3.051354452755982980e-09
6.168750000000000188e-04,3.062830064854930760e-09,2.314237468996714691e-11,2.266765568951327605e-05,3.062917494103546852e-09
6.187500000000000508e-04,3.074416866436982101e-09,2.316654078608818486e-11,2.267341098455505780e-05,3.074504148191084380e-09
6.206249999999999744e-04,3.086027401892715325e-09,2.319079690600130270e-11,2.267918803435139253e-05,3.086114537455445783e-09
6.225000000000000065e-04,3.097661794267041118e-09,2.321514338701620103e-11,2.268498688355946656e-05,3.097748784931435252e-09
6.243750000000000385e-04,3.109320167206998506e-09,2.323958056842663129e-11,2.269080757706829916e-05,3.109407014256119327e-09
6.262499999999999621e-04,3.121002644966113690e-09,2.326410879152512995e-11,2.269665015999930833e-05,3.121089349673178275e-09
6.281249999999999941e-04,3.132709352408798158e-09,2.328872839961604012e-11,2.270251467770788628e-05,3.132795916037305868e-09
6.300000000000000261e-04,3.144440415014777828e-09,2.331343973802836194e-11,2.270840117578441249e-05,3.144526838818636451e-09
6.318750000000000581e-04,3.156195958883585050e-09,2.333824315412957554e-11,2.271430970005544972e-05,3.156282244107233638e-09
6.337499999999999818e-04,3.167976110739017112e-09,2.336313899733964172e-11,2.272024029658476722e-05,3.168062258617547574e-09
6.356250000000000138e-04,3.179780997933701861e-09,2.338812761914542592e-11,2.272619301167475697e-05,3.179867009692980562e-09
6.375000000000000458e-04,3.191610748453670770e-09,2.341320937311172942e-11,2.273216789186744338e-05,3.191696625310455577e-09
6.393749999999999694e-04,3.203465490922958482e-09,2.343838461489895421e-11,2.273816498394564195e-05,3.203551234085015806e-09
6.412500000000000014e-04,3.215345354608289194e-09,2.346365370227473518e-11,2.274418433493433832e-05,3.215430965274509386e-09
6.431250000000000334e-04,3.227250469423679922e-09,2.348901699512937546e-11,2.275022599210178598e-05,3.227335948784191836e-09
6.450000000000000655e-04,3.239180965935256757e-09,2.351447485548935598e-11,2.275629000296069891e-05,3.239266315171537765e-09
6.468749999999999891e-04,3.251136975365949947e-09,2.354002764753282565e-11,2.276237641526968137e-05,3.251222195650937607e-09
6.487500000000000211e-04,3.263118629600340755e-09,2.356567573760327254e-11,2.276848527703413251e-05,3.263203722098541589e-09
6.506250000000000531e-04,3.275126061189452082e-09,2.359141949422475560e-11,2.277461663650774736e-05,3.275211027057048692e-09
6.524999999999999767e-04,3.287159403355666878e-09,2.361725928811715900e-11,2.278077054219379070e-05,3.287244243740623827e-09
6.543750000000000087e-04,3.299218789997615956e-09,2.364319549220944971e-11,2.278694704284611356e-05,3.299303506039784819e-09
6.562500000000000408e-04,3.311304355695157204e-09,2.366922848165729057e-11,2.279314618747074563e-05,3.311388948526378725e-09
6.581249999999999644e-04,3.323416235714363481e-09,2.369535863385634628e-11,2.279936802532689811e-05,3.323500706458570560e-09
6.599999999999999964e-04,3.335554566012551056e-09,2.372158632845902092e-11,2.280561260592843759e-05,3.335638915785867177e-09
6.618750000000000284e-04,3.347719483243382477e-09,2.374791194738740845e-11,2.281187997904522095e-05,3.347803713154222630e-09
6.637500000000000604e-04,3.359911124761960765e-09,2.377433587485336476e-11,2.281817019470418635e-05,3.359995235911127812e-09
6.656249999999999840e-04,3.372129628630010465e-09,2.380085849736963913e-11,2.282448330319088127e-05,3.372213622110791501e-09
6.675000000000000161e-04,3.384375133621072746e-09,2.382748020376877975e-11,2.283081935505073984e-05,3.384459010519335059e-09
6.693750000000000481e-04,3.396647779225758416e-09,2.385420138521792286e-11,2.283717840109041099e-05,3.396731540620041714e-09
6.712499999999999717e-04,3.408947705657060076e-09,2.388102243523544298e-11,2.284356049237907304e-05,3.409031352618671198e-09
6.731250000000000037e-04,3.421275053855624153e-09,2.390794374970661115e-11,2.284996568024992786e-05,3.421358587448726409e-09
6.750000000000000357e-04,3.433629965495216914e-09,2.393496572690126626e-11,2.285639401630135286e-05,3.433713386776920656e-09
6.768750000000000678e-04,3.446012582988062256e-09,2.396208876748897248e-11,2.286284555239849676e-05,3.446095893008515459e-09
6.787499999999999914e-04,3.458423049490380100e-09,2.398931327455684563e-11,2.286932034067454340e-05,3.458506249292853971e-09
6.806250000000000234e-04,3.470861508907861910e-09,2.401663965362556043e-11,2.287581843353225333e-05,3.470944599528838986e-09
6.825000000000000554e-04,3.483328105901240514e-09,2.404406831266814303e-11,2.288233988364526145e-05,3.483411088370499859e-09
6.843749999999999790e-04,3.495822985891886807e-09,2.407159966212436584e-11,2.288888474395934418e-05,3.495905861232587560e-09
6.862500000000000110e-04,3.508346295067506547e-09,2.409923411492000215e-11,2.289545306769434732e-05,3.508429064296273533e-09
6.881250000000000431e-04,3.520898180387753599e-09,2.412697208648466864e-11,2.290204490834500258e-05,3.520980844514757567e-09
6.899999999999999667e-04,3.533478789590080587e-09,2.415481399476851442e-11,2.290866031968290283e-05,3.533561349619120926e-09
6.918749999999999987e-04,3.546088271195472493e-09,2.418276026025873554e-11,2.291529935575778966e-05,3.546170728124056230e-09
6.937500000000000307e-04,3.558726774514285313e-09,2.421081130600074566e-11,2.292196207089880353e-05,3.558809129333707763e-09
6.956250000000000627e-04,3.571394449652194728e-09,2.423896755761405725e-11,2.292864851971632357e-05,3.571476703347616833e-09
6.974999999999999863e-04,3.584091447516094312e-09,2.426722944330979135e-11,2.293535875710341767e-05,3.584173601066620811e-09
6.993750000000000184e-04,3.596817919820090111e-09,2.429559739391218102e-11,2.294209283823701482e-05,3.596899974198844402e-09
7.012500000000000504e-04,3.609574019091580837e-09,2.432407184287374172e-11,2.294885081857980241e-05,3.609655975265782314e-09
7.031249999999999740e-04,3.622359898677329783e-09,2.435265322629642576e-11,2.295563275388167297e-05,3.622441757608367046e-09
7.050000000000000060e-04,3.635175712749619877e-09,2.438134198294884452e-11,2.296243870018115064e-05,3.635257475393125174e-09
7.068750000000000380e-04,3.648021616312433133e-09,2.441013855428701579e-11,2.296926871380703430e-05,3.648103283618353915e-09
7.087500000000000700e-04,3.660897765207756662e-09,2.443904338447146961e-11,2.297612285138001721e-05,3.660979338120429200e-09
7.106249999999999937e-04,3.673804316121824994e-09,2.446805692038938825e-11,2.298300116981405914e-05,3.673885795580043448e-09
7.125000000000000257e-04,3.686741426591545614e-09,2.449717961167133730e-11,2.298990372631825322e-05,3.686822813528633585e-09
7.143750000000000577e-04,3.699709255010841367e-09,2.452641191071381594e-11,2.299683057839836420e-05,3.699790550354720969e-09
7.162499999999999813e-04,3.712707960637216625e-09,2.455575427269614962e-11,2.300378178385815658e-05,3.712789165310476308e-09
7.181250000000000133e-04,3.725737703598189022e-09,2.458520715560284647e-11,2.301075740080141052e-05,3.725818818518150992e-09
7.200000000000000453e-04,3.738798644897928410e-09,2.461477102024401190e-11,2.301775748763349057e-05,3.738879670976717285e-09
7.218749999999999689e-04,3.751890946423881749e-09,2.464444633027376630e-11,2.302478210306270771e-05,3.751971884568488662e-09
7.237500000000000010e-04,3.765014770953475747e-09,2.467423355221337053e-11,2.303183130610222685e-05,3.765095622065824524e-09
7.256250000000000330e-04,3.778170282160858803e-09,2.470413315547006367e-11,2.303890515607183204e-05,3.778251047137872135e-09
7.275000000000000650e-04,3.791357644623715312e-09,2.473414561235870870e-11,2.304600371259946809e-05,3.791438324357375142e-09
7.293749999999999886e-04,3.804577023830155259e-09,2.476427139812388395e-11,2.305312703562279231e-05,3.804657619207568126e-09
7.312500000000000206e-04,3.817828586185648474e-09,2.479451099096002309e-11,2.306027518539135990e-05,3.817909098089108379e-09
7.331250000000000527e-04,3.831112499019981214e-09,2.482486487203390086e-11,2.306744822246787073e-05,3.831192928327029181e-09
7.349999999999999763e-04,3.844428930594369098e-09,2.485533352550551932e-11,2.307464620773015481e-05,3.844509278177857690e-09
7.368750000000000083e-04,3.857778050108489792e-09,2.488591743855155010e-11,2.308186920237279520e-05,3.857858316836638532e-09
7.387500000000000403e-04,3.871160027707755580e-09,2.491661710138562290e-11,2.308911726790925916e-05,3.871240214444214647e-09
7.406250000000000723e-04,3.884575034490485849e-09,2.494743300728192273e-11,2.309639046617308398e-05,3.884655142094393979e-09
7.424999999999999959e-04,3.898023242515253280e-09,2.497836565259813456e-11,2.310368885932022155e-05,3.898103271841294013e-09
7.443750000000000280e-04,3.911504824808225076e-09,2.500941553679631338e-11,2.311101250983053936e-05,3.911584776706688797e-09
7.462500000000000600e-04,3.925019955370605931e-09,2.504058316246884353e-11,2.311836148050978217e-05,3.925099830687442809e-09
7.481249999999999836e-04,3.938568809186148007e-09,2.507186903535866903e-11,2.312573583449126609e-05,3.938648608763025894e-09
7.500000000000000156e-04,3.952151562228684891e-09,2.510327366438477467e-11,2.313313563523797925e-05,3.952231286903045575e-09
7.518750000000000476e-04,3.965768391469826029e-09,2.513479756166405452e-11,2.314056094654420468e-05,3.965848042074939828e-09
7.537499999999999712e-04,3.979419474886612288e-09,2.516644124253687062e-11,2.314801183253753627e-05,3.979499052251634293e-09
7.556250000000000033e-04,3.993104991469269939e-09,2.519820522559046276e-11,2.315548835768078289e-05,3.993184496419291305e-09
7.575000000000000353e-04,4.006825121229090387e-09,2.523009003268289149e-11,2.316299058677370311e-05,4.006904554585193751e-09
7.593750000000000673e-04,4.020580045206322295e-09,2.526209618896714273e-11,2.317051858495525494e-05,4.020659407785634717e-09
7.612499999999999909e-04,4.034369945478156365e-09,2.529422422291819203e-11,2.317807241770513063e-05,4.034449238093901438e-09
7.631250000000000229e-04,4.048195005166761390e-09,2.532647466635398784e-11,2.318565215084617242e-05,4.048274228628310528e-09
7.650000000000000550e-04,4.062055408447423718e-09,2.535884805446448362e-11,2.319325785054595141e-05,4.062134563560347441e-09
7.668749999999999786e-04,4.075951340556744608e-09,2.539134492583451128e-11,2.320088958331888173e-05,4.076030428122864652e-09
7.687500000000000106e-04,4.089882987800897976e-09,2.542396582247144011e-11,2.320854741602841950e-05,4.089962008618336925e-09
7.706250000000000426e-04,4.103850537563966719e-09,2.545671128982870933e-11,2.321623141588873311e-05,4.103929492427196811e-09
7.724999999999999662e-04,4.117854178316403949e-09,2.548958187683351610e-11,2.322394165046701395e-05,4.117933068016298357e-09
7.743749999999999982e-04,4.131894099623467749e-09,2.552257813591371822e-11,2.323167818768535344e-05,4.131972924947346080e-09
7.762500000000000303e-04,4.145970492153840399e-09,2.555570062302239110e-11,2.323944109582307409e-05,4.146049253885521630e-09
7.781250000000000623e-04,4.160083547688319561e-09,2.558894989766662717e-11,2.324723044351824732e-05,4.160162246608165883e-09
7.799999999999999859e-04,4.174233459128424268e-09,2.562232652293320114e-11,2.325504629977066153e-05,4.174312096013389885e-09
7.818750000000000179e-04,4.188420420505286283e-09,2.565583106551790581e-11,2.326288873394295029e-05,4.188498996128963740e-09
7.837500000000000499e-04,4.202644626988573731e-09,2.568946409574987636e-11,2.327075781576362816e-05,4.202723142121243540e-09
7.856249999999999735e-04,4.216906274895375840e-09,2.572322618762284224e-11,2.327865361532850010e-05,4.216984730304046187e-09
7.875000000000000056e-04,4.231205561699320955e-09,2.575711791882186517e-11,2.328657620310336864e-05,4.231283958147780640e-09
7.893750000000000376e-04,4.245542686039675527e-09,2.579113987075042931e-11,2.329452564992593797e-05,4.245621024288533665e-09
7.912500000000000696e-04,4.259917847730568826e-09,2.582529262856200977e-11,2.330250202700809078e-05,4.259996128537301175e-09
7.931249999999999932e-04,4.274331247770341741e-09,2.585957678118585748e-11,2.331050540593801262e-05,4.274409471889335365e-09
7.950000000000000252e-04,4.288783088350878202e-09,2.589399292135863551e-11,2.331853585868264150e-05,4.288861256533476142e-09
7.968750000000000572e-04,4.303273572867108660e-09,2.592854164565268226e-11,2.332659345758964322e-05,4.303351685861652116e-09
7.987499999999999808e-04,4.317802905926561540e-09,2.596322355450560245e-11,2.333467827538991175e-05,4.317880964478432887e-09
8.006250000000000129e-04,4.332371293359052833e-09,2.599803925225104736e-11,2.334279038519982238e-05,4.332449298210719465e-09
8.025000000000000449e-04,4.346978942226398029e-09,2.603298934714920740e-11,2.335092986052329168e-05,4.347056894117453710e-09
8.043749999999999685e-04,4.361626060832228263e-09,2.606807445141539181e-11,2.335909677525457612e-05,4.361703960499436148e-09
8.062500000000000005e-04,4.376312858731963635e-09,2.610329518125386560e-11,2.336729120368010503e-05,4.376390706909295972e-09
8.081250000000000325e-04,4.391039546742808863e-09,2.613865215688718205e-11,2.337551322048114029e-05,4.391117344161491658e-09
8.100000000000000646e-04,4.405806336953836609e-09,2.617414600258729576e-11,2.338376290073614802e-05,4.405884084342386025e-09
8.118749999999999882e-04,4.420613442736256101e-09,2.620977734670922178e-11,2.339204031992316011e-05,4.420691140820523126e-09
8.137500000000000202e-04,4.435461078753652806e-09,2.624554682172099826e-11,2.340034555392201039e-05,4.435538728256860475e-09
8.156250000000000522e-04,4.450349460972436543e-09,2.628145506423807262e-11,2.340867867901723825e-05,4.450427062615221296e-09
8.174999999999999758e-04,4.465278806672254861e-09,2.631750271505409144e-11,2.341703977189988438e-05,4.465356361172706251e-09
8.193750000000000078e-04,4.480249334456714957e-09,2.635369041917517669e-11,2.342542890967071959e-05,4.480326842530413696e-09
8.212500000000000399e-04,4.495261264263988127e-09,2.639001882585250575e-11,2.343384616984207789e-05,4.495338726624045796e-09
8.231250000000000719e-04,4.510314817377615232e-09,2.642648858861729201e-11,2.344229163034076678e-05,4.510392234734712323e-09
8.249999999999999955e-04,4.525410216437428783e-09,2.646310036531309990e-11,2.345076536951053053e-05,4.525487589499854414e-09
8.268750000000000275e-04,4.540547685450542043e-09,2.649985481813047986e-11,2.345926746611456750e-05,4.540625014924228692e-09
8.287500000000000595e-04,4.555727449802464677e-09,2.653675261364316066e-11,2.346779799933807462e-05,4.555804736391030370e-09
8.306249999999999831e-04,4.570949736268322627e-09,2.657379442284070371e-11,2.347635704879090713e-05,4.571026980673104029e-09
8.325000000000000152e-04,4.586214773024106948e-09,2.661098092116565506e-11,2.348494469451030934e-05,4.586291975944199061e-09
8.343750000000000472e-04,4.601522789658225378e-09,2.664831278854784434e-11,2.349356101696327285e-05,4.601599951790517115e-09
8.362499999999999708e-04,4.616874017182948041e-09,2.668579070944183728e-11,2.350220609704949430e-05,4.616951139222159446e-09
8.381250000000000028e-04,4.632268688046035949e-09,2.672341537286156424e-11,2.351088001610390977e-05,4.632345770684754597e-09
8.400000000000000348e-04,4.647707036142628417e-09,2.676118747241880991e-11,2.351958285589948657e-05,4.647784080071344151e-09
8.418750000000000669e-04,4.663189296826941051e-09,2.679910770635798078e-11,2.352831469864973384e-05,4.663266302734082380e-09
8.437499999999999905e-04,4.678715706924379805e-09,2.683717677759679531e-11,2.353707562701193483e-05,4.678792675496349474e-09
8.456250000000000225e-04,4.694286504743621957e-09,2.687539539376067977e-11,2.354586572408939662e-05,4.694363436664833341e-09
8.475000000000000545e-04,4.709901930088789727e-09,2.691376426722291237e-11,2.355468507343444186e-05,4.709978826041698263e-09
8.493749999999999781e-04,4.725562224271816623e-09,2.695228411514281892e-11,2.356353375905141062e-05,4.725639084936959518e-09
8.512500000000000101e-04,4.741267630124912230e-09,2.699095565950438869e-11,2.357241186539934044e-05,4.741344456180938237e-09
8.531250000000000422e-04,4.757018392013135350e-09,2.702977962715595635e-11,2.358131947739476150e-05,4.757095184136841165e-09
8.550000000000000742e-04,4.772814755847078824e-09,2.706875674984894382e-11,2.359025668041482050e-05,4.772891514713443826e-09
8.568749999999999978e-04,4.788656969095709849e-09,2.710788776427943901e-11,2.359922356030000811e-05,4.788733695377928363e-09
8.587500000000000298e-04,4.804545280799322807e-09,2.714717341212744165e-11,2.360822020335709987e-05,4.804621975168838842e-09
8.606250000000000618e-04,4.820479941582590513e-09,2.718661444009846465e-11,2.361724669636227662e-05,4.820556604709130025e-09
8.624999999999999854e-04,4.836461203667839641e-09,2.722621159996362332e-11,2.362630312656400448e-05,4.836537836219443619e-09
8.643750000000000175e-04,4.852489320888279824e-09,2.726596564860355666e-11,2.363538958168602311e-05,4.852565923531338205e-09
8.662500000000000495e-04,4.868564548701533844e-09,2.730587734804778313e-11,2.364450614993046624e-05,4.868641122100818599e-09
8.681249999999999731e-04,4.884687144203248067e-09,2.734594746551988209e-11,2.365365291998095500e-05,4.884763689021943806e-09
8.700000000000000051e-04,4.900857366140798819e-09,2.738617677347787064e-11,2.366282998100558964e-05,4.900933883040537537e-09
8.718750000000000371e-04,4.917075474927141877e-09,2.742656604966008943e-11,2.367203742266007341e-05,4.917151964568031900e-09
8.737500000000000691e-04,4.933341732654867918e-09,2.746711607712709813e-11,2.368127533509097532e-05,4.933418195695528648e-09
8.756249999999999927e-04,4.949656403110279482e-09,2.750782764430660166e-11,2.369054380893871167e-05,4.949732840207872828e-09
8.775000000000000248e-04,4.966019751787806245e-09,2.754870154503869632e-11,2.369984293534095794e-05,4.966096163598067231e-09
8.793750000000000568e-04,4.982432045904245762e-09,2.758973857862037922e-11,2.370917280593585395e-05,4.982508433081513957e-09
8.812499999999999804e-04,4.998893554413477358e-09,2.763093954985045191e-11,2.371853351286493119e-05,4.998969917610729137e-09
8.831250000000000124e-04,5.015404548021147062e-09,2.767230526907751944e-11,2.372792514877690415e-05,5.015480887890024558e-09
8.850000000000000444e-04,5.031965299199496475e-09,2.771383655224469697e-11,2.373734780683052313e-05,5.032041616390341494e-09
8.868750000000000765e-04,5.048576082202425730e-09,2.775553422093780910e-11,2.374680158069826730e-05,5.048652377364308700e-09
8.887500000000000001e-04,5.065237173080603597e-09,2.779739910243179929e-11,2.375628656456937708e-05,5.065313446861353349e-09
8.906250000000000321e-04,5.081948849696859665e-09,2.783943202974016356e-11,2.376580285315360141e-05,5.082025102743095691e-09
8.925000000000000641e-04,5.098711391741556663e-09,2.788163384166161514e-11,2.377535054168415898e-05,5.098787624698718069e-09
8.943749999999999877e-04,5.115525080748281249e-09,2.792400538283074280e-11,2.378492972592181076e-05,5.115601294260659014e-09
8.962500000000000197e-04,5.132390200109697754e-09,2.796654750376552849e-11,2.379454050215772299e-05,5.132466394820461201e-09
8.981250000000000518e-04,5.149307035093299357e-09,2.800926106091961162e-11,2.380418296721743804e-05,5.149383211644529238e-09
8.999999999999999754e-04,5.166275872857703541e-09,2.805214691673126068e-11,2.381385721846414737e-05,5.166352031890419336e-09
9.018750000000000074e-04,5.183297002468855735e-09,2.809520593967414799e-11,2.382356335380227615e-05,5.183373144623047084e-09
9.037500000000000394e-04,5.200370714916448847e-09,2.813843900431010499e-11,2.383330147168128140e-05,5.200446840831104501e-09
9.056250000000000714e-04,5.217497303130547945e-09,2.818184699133999394e-11,2.384307167109916541e-05,5.217573413443684719e-09
9.074999999999999950e-04,5.234677061998339004e-09,2.822543078765656339e-11,2.385287405160600626e-05,5.234753157347030726e-09
9.093750000000000271e-04,5.251910288381135744e-09,2.826919128639849932e-11,2.386270871330796592e-05,5.251986369401543861e-09
9.112500000000000591e-04,5.269197281131441882e-09,2.831312938700256334e-11,2.387257575687063771e-05,5.269273348458842759e-09
9.131249999999999827e-04,5.286538341110271467e-09,2.835724599525896532e-11,2.388247528352325784e-05,5.286614395379086165e-09
9.150000000000000147e-04,5.303933771204606528e-09,2.840154202336564068e-11,2.389240739506197822e-05,5.304009813048428099e-09
9.168750000000000467e-04,5.321383876345125209e-09,2.844601838998390733e-11,2.390237219385414917e-05,5.321459906396750130e-09
9.187499999999999703e-04,5.338888963523906741e-09,2.849067602029423256e-11,2.391236978284201918e-05,5.338964982415362211e-09
9.206250000000000024e-04,5.356449341812575650e-09,2.853551584605285284e-11,2.392240026554643480e-05,5.356525350175146888e-09
9.225000000000000344e-04,5.374065322380460026e-09,2.858053880564858762e-11,2.393246374607120114e-05,5.374141320844719220e-09
9.243750000000000664e-04,5.391737218512934252e-09,2.862574584416100688e-11,2.394256032910651406e-05,5.391813207708768687e-09
9.262499999999999900e-04,5.409465345630165401e-09,2.867113791341830473e-11,2.395269011993345621e-05,5.409541326186808059e-09
9.281250000000000220e-04,5.427250021305713216e-09,2.871671597205703087e-11,2.396285322442771043e-05,5.427325993851768421e-09
9.300000000000000541e-04,5.445091565285697538e-09,2.876248098558046499e-11,2.397304974906368650e-05,5.445167530449168258e-09
9.318749999999999777e-04,5.462990299507759773e-09,2.880843392642040654e-11,2.398327980091869869e-05,5.463066257916077392e-09
9.337500000000000097e-04,5.480946548120644735e-09,2.885457577399480916e-11,2.399354348767718061e-05,5.481022500400697178e-09
9.356250000000000417e-04,5.498960637503676610e-09,2.890090751477418453e-11,2.400384091763457816e-05,5.499036584281833989e-09
9.375000000000000737e-04,5.517032896286540989e-09,2.894743014233988956e-11,2.401417219970186255e-05,5.517108838188684552e-09
9.393749999999999973e-04,5.535163655369358879e-09,2.899414465744710841e-11,2.402453744340964006e-05,5.535239593020910787e-09
9.412500000000000294e-04,5.553353247942828555e-09,2.904105206809082340e-11,2.403493675891240418e-05,5.553429181968775873e-09
9.431250000000000614e-04,5.571602009508699107e-09,2.908815338956680663e-11,2.404537025699301811e-05,5.571677940533621927e-09
9.449999999999999850e-04,5.589910277900326703e-09,2.913544964453907397e-11,2.405583804906703121e-05,5.589986206548428751e-09
9.468750000000000170e-04,5.608278393303647756e-09,2.918294186310380743e-11,2.406634024718674479e-05,5.608354320198781206e-09
9.487500000000000490e-04,5.626706698278180215e-09,2.923063108285612407e-11,2.407687696404632816e-05,5.626782624043872157e-09
9.506249999999999726e-04,5.645195537778352408e-09,2.927851834895633777e-11,2.408744831298574211e-05,5.645271463037834631e-09
9.525000000000000046e-04,5.663745259175037046e-09,2.932660471419924522e-11,2.409805440799545179e-05,5.663821184551271677e-09
9.543750000000000367e-04,5.682356212277311029e-09,2.937489123908030691e-11,2.410869536372107184e-05,5.682432138393018658e-09
9.562500000000000687e-04,5.701028749354441908e-09,2.942337899186629993e-11,2.411937129546784552e-05,5.701104676832128058e-09
9.581249999999999923e-04,5.719763225158183713e-09,2.947206904866522120e-11,2.413008231920538127e-05,5.719839154620167791e-09
9.600000000000000243e-04,5.738559996945149705e-09,2.952096249349514384e-11,2.414082855157227418e-05,5.738635929013588993e-09
9.618750000000000563e-04,5.757419424499603686e-09,2.957006041835772631e-11,2.415161010988085949e-05,5.757495359796522287e-09
9.637499999999999799e-04,5.776341870156399368e-09,2.961936392330924663e-11,2.416242711212214912e-05,5.776417809303716334e-09
9.656250000000000120e-04,5.795327698824143088e-09,2.966887411653410505e-11,2.417327967697035146e-05,5.795403642443698063e-09
9.675000000000000440e-04,5.814377278008769281e-09,2.971859211441710547e-11,2.418416792378799078e-05,5.814453226722348141e-09
9.693750000000000760e-04,5.833490977837120091e-09,2.976851904162053834e-11,2.419509197263060323e-05,5.833566932266484724e-09
9.712499999999999996e-04,5.852669171080974967e-09,2.981865603115709528e-11,2.420605194425198844e-05,5.852745131847889742e-09
9.731250000000000316e-04,5.871912233181334206e-09,2.986900422446737209e-11,2.421704796010889528e-05,5.871988200907590789e-09
9.750000000000000637e-04,5.891220542272858001e-09,2.991956477149620199e-11,2.422808014236636835e-05,5.891296517580304308e-09
9.768750000000000957e-04,5.910594479208632232e-09,2.997033883077167719e-11,2.423914861390242021e-05,5.910670462719198895e-09
9.787500000000000193e-04,5.930034427585216322e-09,3.002132756948203150e-11,2.425025349831361841e-05,5.930110419920943989e-09
9.806249999999999429e-04,5.949540773767990527e-09,3.007253216355713050e-11,2.426139491992003556e-05,5.949616775551056331e-09
9.825000000000000833e-04,5.969113906916684394e-09,3.012395379774760301e-11,2.427257300377053478e-05,5.969189918769428421e-09
9.843750000000000069e-04,5.988754219011332851e-09,3.017559366570699696e-11,2.428378787564805185e-05,5.988830241556285441e-09
9.862499999999999305e-04,6.008462104878357218e-09,3.022745297007372839e-11,2.429503966207489083e-05,6.008538138738267085e-09
9.881250000000000710e-04,6.028237962217049048e-09,3.027953292255436176e-11,2.430632849031809424e-05,6.028314008014908098e-09
9.899999999999999946e-04,6.048082191626289714e-09,3.033183474400643783e-11,2.431765448839507416e-05,6.048158249985361994e-09
9.918749999999999182e-04,6.067995196631658770e-09,3.038435966452691744e-11,2.432901778507877910e-05,6.068071268175506941e-09
9.937500000000000586e-04,6.087977383712689558e-09,3.043710892353431141e-11,2.434041850990343353e-05,6.088053469065201362e-09
9.956249999999999822e-04,6.108029162330566518e-09,3.049008376985810014e-11,2.435185679317000969e-05,6.108105262115980421e-09
9.975000000000001227e-04,6.128150944956042536e-09,3.054328546182570382e-11,2.436333276595226526e-05,6.128227059798979163e-09
9.993750000000000463e-04,6.148343147097750028e-09,3.059671526735211526e-11,2.437484656010158497e-05,6.148419277623234494e-09
1.001249999999999970e-03,6.168606187330722126e-09,3.065037446402803982e-11,2.438639830825364168e-05,6.168682334164213816e-09
1.003125000000000110e-03,6.188940487325373780e-09,3.070426433921434914e-11,2.439798814383355993e-05,6.189016651092791992e-09
1.005000000000000034e-03,6.209346471876713639e-09,3.075838619012970409e-11,2.440961620106214325e-05,6.209422653204468189e-09
1.006874999999999958e-03,6.229824568933817325e-09,3.081274132394728967e-11,2.442128261496161713e-05,6.229900768448829226e-09
1.008750000000000098e-03,6.250375209629836720e-09,3.086733105788666439e-11,2.443298752136154463e-05,6.250451427959572925e-09
1.010625000000000022e-03,6.270998828312174682e-09,3.092215671931001693e-11,2.444473105690492842e-05,6.271075066084669590e-09
1.012499999999999945e-03,6.291695862573076673e-09,3.097721964581761503e-11,2.445651335905449242e-05,6.291772120416961906e-09
1.014375000000000086e-03,6.312466753280535875e-09,3.103252118534602028e-11,2.446833456609825522e-05,6.312543031825068405e-09
1.016250000000000009e-03,6.333311944609587089e-09,3.108806269626566955e-11,2.448019481715643512e-05,6.333388244484674878e-09
1.018124999999999933e-03,6.354231884073945567e-09,3.114384554748130640e-11,2.449209425218704054e-05,6.354308205910176521e-09
1.020000000000000073e-03,6.375227022557946938e-09,3.119987111853172091e-11,2.450403301199272085e-05,6.375303366986615374e-09
1.021874999999999997e-03,6.396297814348998326e-09,3.125614079969259799e-11,2.451601123822682091e-05,6.396374182002133925e-09
1.023749999999999920e-03,6.417444717170233792e-09,3.131265599207922996e-11,2.452802907339988293e-05,6.417521108680626414e-09
1.025625000000000061e-03,6.438668192213656149e-09,3.136941810775060555e-11,2.454008666088627026e-05,6.438744608214888093e-09
1.027499999999999985e-03,6.459968704173609652e-09,3.142642856981400953e-11,2.455218414493056081e-05,6.460045145300078816e-09
1.029375000000000125e-03,6.481346721280695233e-09,3.148368881253398432e-11,2.456432167065426567e-05,6.481423188167646550e-09
1.031250000000000049e-03,6.502802715335939677e-09,3.154120028143844178e-11,2.457649938406235811e-05,6.502879208619491581e-09
1.033124999999999972e-03,6.524337161745628195e-09,3.159896443342820003e-11,2.458871743205052411e-05,6.524413682062799920e-09
1.035000000000000113e-03,6.545950539556193251e-09,3.165698273688710182e-11,2.460097596241121699e-05,6.546027087544934611e-09
1.036875000000000036e-03,6.567643331489831304e-09,3.171525667179475026e-11,2.461327512384117906e-05,6.567719907789050813e-09
1.038749999999999960e-03,6.589416023980251072e-09,3.177378772983904411e-11,2.462561506594813997e-05,6.589492629229840763e-09
1.040625000000000100e-03,6.611269107209186112e-09,3.183257741452984405e-11,2.463799593925782331e-05,6.611345742050055449e-09
1.042500000000000024e-03,6.633203075142921460e-09,3.189162724131588303e-11,2.465041789522114647e-05,6.633279740217022156e-09
1.044374999999999947e-03,6.655218425569553157e-09,3.195093873770086882e-11,2.466288108622119335e-05,6.655295121519908950e-09
1.046250000000000088e-03,6.677315660136579469e-09,3.201051344336232013e-11,2.467538566558069200e-05,6.677392387607314248e-09
1.048125000000000012e-03,6.699495284389000002e-09,3.207035291027179215e-11,2.468793178756915679e-05,6.699572044025367584e-09
1.049999999999999935e-03,6.721757807807681164e-09,3.213045870281561259e-11,2.470051960741028132e-05,6.721834600256091765e-09
1.051875000000000076e-03,6.744103743848460301e-09,3.219083239791758234e-11,2.471314928128931439e-05,6.744180569756512796e-09
1.053749999999999999e-03,6.766533609981413617e-09,3.225147558516370520e-11,2.472582096636094414e-05,6.766610469997923662e-09
1.055624999999999923e-03,6.789047927730813958e-09,3.231238986692698231e-11,2.473853482075624719e-05,6.789124822505841290e-09
1.057500000000000063e-03,6.811647222715484819e-09,3.237357685849568336e-11,2.475129100359097252e-05,6.811724152900364688e-09
1.059374999999999987e-03,6.834332024689591933e-09,3.243503818820075169e-11,2.476408967497306998e-05,6.834408990936964051e-09
1.061250000000000127e-03,6.857102867583984922e-09,3.249677549754675741e-11,2.477693099601036440e-05,6.857179870547822418e-09
1.063125000000000051e-03,6.879960289548057609e-09,3.255879044134378744e-11,2.478981512881865993e-05,6.880037329883696804e-09
1.064999999999999974e-03,6.902904832991991297e-09,3.262108468784059571e-11,2.480274223652962433e-05,6.902981911356164794e-09
1.066875000000000115e-03,6.925937044629600247e-09,3.268365991885904592e-11,2.481571248329892377e-05,6.926014161680460918e-09
1.068750000000000039e-03,6.949057475521697447e-09,3.274651782993226358e-11,2.482872603431430023e-05,6.949134631918853175e-09
1.070624999999999962e-03,6.972266681119936842e-09,3.280966013044057796e-11,2.484178305580385878e-05,6.972343877524479471e-09
1.072500000000000103e-03,6.995565221311289176e-09,3.287308854375348704e-11,2.485488371504428727e-05,6.995642458385825118e-09
1.074375000000000026e-03,7.018953660462813148e-09,3.293680480737007779e-11,2.486802818036935032e-05,7.019030938871493989e-09
1.076249999999999950e-03,7.042432567467242159e-09,3.300081067306314307e-11,2.488121662117832240e-05,7.042509887875794437e-09
1.078125000000000090e-03,7.066002515789040903e-09,3.306510790702371847e-11,2.489444920794458692e-05,7.066079878864798367e-09
1.080000000000000014e-03,7.089664083510933449e-09,3.312969829000832050e-11,2.490772611222415398e-05,7.089741489922866838e-09
1.081874999999999937e-03,7.113417853381054190e-09,3.319458361748660478e-11,2.492104750666473376e-05,7.113495303799803495e-09
1.083750000000000078e-03,7.137264412860764672e-09,3.325976569979480155e-11,2.493441356501404767e-05,7.137341907958670567e-09
1.085625000000000001e-03,7.161204354172911314e-09,3.332524636228314773e-11,2.494782446212934557e-05,7.161281894624046589e-09
1.087499999999999925e-03,7.185238274350777125e-09,3.339102744547506748e-11,2.496128037398592691e-05,7.185315860830976464e-09
1.089375000000000066e-03,7.209366775287582677e-09,3.345711080522017474e-11,2.497478147768651913e-05,7.209444408474477401e-09
1.091249999999999989e-03,7.233590463786657917e-09,3.352349831285395789e-11,2.498832795147037133e-05,7.233668144359707416e-09
1.093125000000000130e-03,7.257909951612106976e-09,3.359019185535601035e-11,2.500191997472265643e-05,7.257987680252628488e-09
1.095000000000000053e-03,7.282325855540306787e-09,3.365719333551429054e-11,2.501555772798369018e-05,7.282403632931512620e-09
1.096874999999999977e-03,7.306838797411841611e-09,3.372450467208761763e-11,2.502924139295865518e-05,7.306916624238866442e-09
1.098750000000000117e-03,7.331449404184222575e-09,3.379212779997194782e-11,2.504297115252685041e-05,7.331527281134159016e-09
1.100625000000000041e-03,7.356158307985158922e-09,3.386006467036843409e-11,2.505674719075189297e-05,7.356236235747092265e-09
1.102499999999999964e-03,7.380966146166599383e-09,3.392831725095481421e-11,2.507056969289095066e-05,7.381044125431639028e-09
1.104375000000000105e-03,7.405873561359383991e-09,3.399688752605571302e-11,2.508443884540489626e-05,7.405951592820694885e-09
1.106250000000000028e-03,7.430881201528597364e-09,3.406577749681992397e-11,2.509835483596843127e-05,7.430959285881436392e-09
1.108124999999999952e-03,7.455989720029605217e-09,3.413498918139348380e-11,2.511231785347997923e-05,7.456067857971355946e-09
1.110000000000000092e-03,7.481199775664852730e-09,3.420452461510268622e-11,2.512632808807200937e-05,7.481277967895057668e-09
1.111875000000000016e-03,7.506512032741275008e-09,3.427438585063219717e-11,2.514038573112118745e-05,7.506590279961667864e-09
1.113749999999999940e-03,7.531927161128562037e-09,3.434457495821049840e-11,2.515449097525903821e-05,7.532005464043106600e-09
1.115625000000000080e-03,7.557445836318060556e-09,3.441509402579462656e-11,2.516864401438238761e-05,7.557524195632983781e-09
1.117500000000000004e-03,7.583068739482484921e-09,3.448594515925884153e-11,2.518284504366385246e-05,7.583147155906313324e-09
1.119374999999999927e-03,7.608796557536375730e-09,3.455713048258575681e-11,2.519709425956289251e-05,7.608875031779966823e-09
1.121250000000000068e-03,7.634629983197274798e-09,3.462865213805789646e-11,2.521139185983648309e-05,7.634708515973855138e-09
1.123124999999999991e-03,7.660569715047780246e-09,3.470051228645566271e-11,2.522573804355004179e-05,7.660648307072983486e-09
1.125000000000000132e-03,7.686616457598364247e-09,3.477271310725251175e-11,2.524013301108884652e-05,7.686695109590262567e-09
1.126875000000000055e-03,7.712770921350905464e-09,3.484525679881807833e-11,2.525457696416893847e-05,7.712849634030049279e-09
1.128749999999999979e-03,7.739033822863202517e-09,3.491814557862007242e-11,2.526907010584860790e-05,7.739112596952656871e-09
1.130625000000000119e-03,7.765405884814182292e-09,3.499138168343020197e-11,2.528361264053994090e-05,7.765484721039559942e-09
1.132500000000000043e-03,7.791887836070004896e-09,3.506496736953293258e-11,2.529820477402028141e-05,7.791966735159507679e-09
1.134374999999999967e-03,7.818480411751065296e-09,3.513890491293632167e-11,2.531284671344400500e-05,7.818559374435522172e-09
1.136250000000000107e-03,7.845184353299810545e-09,3.521319660958656195e-11,2.532753866735446883e-05,7.845263380312710687e-09
1.138125000000000031e-03,7.872000408549412316e-09,3.528784477558458642e-11,2.534228084569575487e-05,7.872079500626948123e-09
1.139999999999999954e-03,7.898929331793448597e-09,3.536285174740456040e-11,2.535707345982503660e-05,7.899008489674548783e-09
1.141875000000000095e-03,7.925971883856377827e-09,3.543821988211787943e-11,2.537191672252465773e-05,7.926051108282752086e-09
1.143750000000000018e-03,7.953128832165007297e-09,3.551395155761706383e-11,2.538681084801454625e-05,7.953208123881177737e-09
1.145624999999999942e-03,7.980400950820914471e-09,3.559004917284581179e-11,2.540175605196473365e-05,7.980480310574261937e-09
1.147500000000000082e-03,8.007789020673700446e-09,3.566651514802784410e-11,2.541675255150814506e-05,8.007868449214502568e-09
1.149375000000000006e-03,8.035293829395348521e-09,3.574335192490416283e-11,2.543180056525294226e-05,8.035373327476812805e-09
1.151249999999999930e-03,8.062916171555598556e-09,3.582056196696774437e-11,2.544690031329603888e-05,8.062995739933912010e-09
1.153125000000000070e-03,8.090656848698031040e-09,3.589814775970654967e-11,2.546205201723570092e-05,8.090736488132396575e-09
1.154999999999999994e-03,8.118516669417587151e-09,3.597611181084558436e-11,2.547725590018523140e-05,8.118596380670259973e-09
1.156875000000000134e-03,8.146496449438841549e-09,3.605445665059507236e-11,2.549251218678567243e-05,8.146576233275178792e-09
1.158750000000000058e-03,8.174597011695221463e-09,3.613318483190030966e-11,2.550782110322015399e-05,8.174676868883720236e-09
1.160624999999999981e-03,8.202819186409721317e-09,3.621229893069423872e-11,2.552318287722665362e-05,8.202899117722056762e-09
1.162500000000000122e-03,8.231163811176164962e-09,3.629180154615830121e-11,2.553859773811266025e-05,8.231243817387236566e-09
1.164375000000000045e-03,8.259631731041991556e-09,3.637169530097801740e-11,2.555406591676842180e-05,8.259711812929964518e-09
1.166249999999999969e-03,8.288223798591954671e-09,3.645198284161095392e-11,2.556958764568165984e-05,8.288303956938302911e-09
1.168125000000000109e-03,8.316940874032909950e-09,3.653266683855202901e-11,2.558516315895169470e-05,8.317021109622462434e-09
1.170000000000000033e-03,8.345783825279856791e-09,3.661374998660663076e-11,2.560079269230343169e-05,8.345864138900833925e-09
1.171874999999999957e-03,8.374753528043098359e-09,3.669523500516292110e-11,2.561647648310262122e-05,8.374833920487164928e-09
1.173750000000000097e-03,8.403850865916763151e-09,3.677712463847442135e-11,2.563221477037033974e-05,8.403931337979064717e-09
1.175625000000000021e-03,8.433076730468016424e-09,3.685942165593782213e-11,2.564800779479804312e-05,8.433157282947232264e-09
1.177499999999999944e-03,8.462432021328223771e-09,3.694212885238431254e-11,2.566385579876244739e-05,8.462512655026604929e-09
1.179375000000000085e-03,8.491917646284733427e-09,3.702524904836391050e-11,2.567975902634118189e-05,8.491998362008152342e-09
1.181250000000000008e-03,8.521534521374192166e-09,3.710878509044615586e-11,2.569571772332782580e-05,8.521615319932188998e-09
1.183124999999999932e-03,8.551283570977287264e-09,3.719273985151249291e-11,2.571173213724800853e-05,8.551364453183112903e-09
1.185000000000000072e-03,8.581165727914438058e-09,3.727711623106358088e-11,2.572780251737484268e-05,8.581246694585107067e-09
1.186874999999999996e-03,8.611181933543035989e-09,3.736191715552159616e-11,2.574392911474519382e-05,8.611262985499369617e-09
1.188750000000000136e-03,8.641333137856061080e-09,3.744714557854454153e-11,2.576011218217584192e-05,8.641414275922735235e-09
1.190625000000000060e-03,8.671620299581911049e-09,3.753280448133766674e-11,2.577635197427960545e-05,8.671701524587507589e-09
1.192499999999999984e-03,8.702044386285820272e-09,3.761889687297723219e-11,2.579264874748231589e-05,8.702125699062873322e-09
1.194375000000000124e-03,8.732606374472446726e-09,3.770542579073025945e-11,2.580900276003915197e-05,8.732687775857492311e-09
1.196250000000000048e-03,8.763307249690078542e-09,3.779239430038665073e-11,2.582541427205189199e-05,8.763388740523704218e-09
1.198124999999999971e-03,8.794148006636319568e-09,3.787980549658830988e-11,2.584188354548615265e-05,8.794229587763217361e-09
1.200000000000000112e-03,8.825129649265007423e-09,3.796766250317111040e-11,2.585841084418826535e-05,8.825211321534021807e-09
1.201875000000000035e-03,8.856253190895052271e-09,3.805596847350326412e-11,2.587499643390350431e-05,8.856334955159229795e-09
1.203749999999999959e-03,8.887519654320317837e-09,3.814472659083540591e-11,2.589164058229313230e-05,8.887601511436965032e-09
1.205625000000000099e-03,8.918930071921636550e-09,3.823394006865241691e-11,2.590834355895303532e-05,8.919012022752366249e-09
1.207500000000000023e-03,8.950485485779723009e-09,3.832361215102855642e-11,2.592510563543142562e-05,8.950567531190510594e-09
1.209374999999999947e-03,8.982186947790309249e-09,3.841374611299209345e-11,2.594192708524761532e-05,8.982269088651543940e-09
1.211250000000000087e-03,9.014035519780570414e-09,3.850434526089140523e-11,2.595880818391042076e-05,9.014117756967109859e-09
1.213125000000000011e-03,9.046032273627396694e-09,3.859541293276821015e-11,2.597574920893690225e-05,9.046114608018621566e-09
1.214999999999999934e-03,9.078178291377165772e-09,3.868695249873437437e-11,2.599275043987175771e-05,9.078260723857036015e-09
1.216875000000000075e-03,9.110474665367452521e-09,3.877896736135680287e-11,2.600981215830643856e-05,9.110557196824561945e-09
1.218749999999999998e-03,9.142922498350229288e-09,3.887146095604578130e-11,2.602693464789867888e-05,9.143005129677860162e-09
1.220625000000000139e-03,9.175522903617294595e-09,3.896443675144756371e-11,2.604411819439217705e-05,9.175605635713475552e-09
1.222500000000000062e-03,9.208277005126755676e-09,3.905789824984799143e-11,2.606136308563688394e-05,9.208359838894322921e-09
1.224374999999999986e-03,9.241185937632229123e-09,3.915184898757585348e-11,2.607866961160886407e-05,9.241268873978876068e-09
1.226250000000000126e-03,9.274250846813277346e-09,3.924629253541451877e-11,2.609603806443123772e-05,9.274333886651620778e-09
1.228125000000000050e-03,9.307472889407959298e-09,3.934123249902167859e-11,2.611346873839437752e-05,9.307556033655595635e-09
1.229999999999999974e-03,9.340853233347488864e-09,3.943667251935165460e-11,2.613096192997752817e-05,9.340936482927053706e-09
1.231875000000000114e-03,9.374393057892446692e-09,3.953261627308601099e-11,2.614851793786945706e-05,9.374476413731676036e-09
1.233750000000000038e-03,9.408093553771377616e-09,3.962906747306896165e-11,2.616613706299029761e-05,9.408177016803167411e-09
1.235624999999999961e-03,9.441955923321240956e-09,3.972602986875219946e-11,2.618381960851332474e-05,9.442039494483709970e-09
1.237500000000000102e-03,9.475981380630097523e-09,3.982350724664158678e-11,2.620156587988694386e-05,9.476065060866651862e-09
1.239375000000000025e-03,9.510171151681566786e-09,3.992150343075531009e-11,2.621937618485682556e-05,9.510254941940961105e-09
1.241249999999999949e-03,9.544526474501757308e-09,4.002002228308527231e-11,2.623725083348885678e-05,9.544610375738157679e-09
1.243125000000000089e-03,9.579048599308379289e-09,4.011906770406585858e-11,2.625519013819164481e-05,9.579132612481427719e-09
1.245000000000000013e-03,9.613738788661645469e-09,4.021864363305209843e-11,2.627319441374000380e-05,9.613822914736529385e-09
1.246874999999999937e-03,9.648598317618161466e-09,4.031875404880242256e-11,2.629126397729802795e-05,9.648682557565673269e-09
1.248750000000000077e-03,9.683628473886238857e-09,4.041940296996903876e-11,2.630939914844317772e-05,9.683712828682848717e-09
1.250625000000000001e-03,9.718830557984336668e-09,4.052059445559608854e-11,2.632760024919025089e-05,9.718915028612257041e-09
1.252499999999999924e-03,9.754205883401512900e-09,4.062233260562517726e-11,2.634586760401517062e-05,9.754290470848764707e-09
1.254375000000000065e-03,9.789755776760180590e-09,4.072462156140938285e-11,2.636420153988056582e-05,9.789840482020667659e-09
1.256249999999999988e-03,9.825481577981537316e-09,4.082746550623400482e-11,2.638260238626002685e-05,9.825566402055110903e-09
1.258125000000000129e-03,9.861384640453525873e-09,4.093086866584230858e-11,2.640107047516350287e-05,9.861469584346060764e-09
1.260000000000000052e-03,9.897466331201139180e-09,4.103483530897687640e-11,2.641960614116306189e-05,9.897551395924598211e-09
1.261874999999999976e-03,9.933728031059453234e-09,4.113936974792212158e-11,2.643820972141864390e-05,9.933813217631966698e-09
1.263750000000000116e-03,9.970171134849541950e-09,4.124447633905667704e-11,2.645688155570437991e-05,9.970256444295477083e-09
1.265625000000000040e-03,1.000679705155633589e-08,4.135015948341716421e-11,2.647562198643502952e-05,1.000688248490636966e-08
1.267499999999999964e-03,1.004360720451027111e-08,4.145642362726507017e-11,2.649443135869310631e-05,1.004369276280146798e-08
1.269375000000000104e-03,1.008060303157077273e-08,4.156327326267135112e-11,2.651331002025604391e-05,1.008068871584665909e-08
1.271250000000000028e-03,1.011778598531308359e-08,4.167071292809763663e-11,2.653225832162368726e-05,1.011787179662372386e-08
1.273124999999999951e-03,1.015515753321804760e-08,4.177874720899805523e-11,2.655127661604644461e-05,1.015524347262012202e-08
1.275000000000000092e-03,1.019271915786449378e-08,4.188738073842288881e-11,2.657036525955348355e-05,1.019280522642137940e-08
1.276875000000000015e-03,1.023047235712464275e-08,4.199661819763496441e-11,2.658952461098158099e-05,1.023055855590648961e-08
1.278749999999999939e-03,1.026841864436308836e-08,4.210646431673453098e-11,2.660875503200390866e-05,1.026850497444690050e-08
1.280625000000000079e-03,1.030655954863819135e-08,4.221692387529455993e-11,2.662805688715991987e-05,1.030664601110790956e-08
1.282500000000000003e-03,1.034489661490699516e-08,4.232800170300486681e-11,2.664743054388471445e-05,1.034498321085357637e-08
1.284374999999999926e-03,1.038343140423353480e-08,4.243970268032646287e-11,2.666687637253960981e-05,1.038351813475503977e-08
1.286250000000000067e-03,1.042216549399983079e-08,4.255203173915803646e-11,2.668639474644259017e-05,1.042225236020150516e-08
1.288124999999999990e-03,1.046110047812092468e-08,4.266499386351095824e-11,2.670598604189937224e-05,1.046118748111528667e-08
1.290000000000000131e-03,1.050023796726284775e-08,4.277859409019375377e-11,2.672565063823491153e-05,1.050032510816977253e-08
1.291875000000000055e-03,1.053957958906419294e-08,4.289283750951264792e-11,2.674538891782502715e-05,1.053966686901100029e-08
1.293749999999999978e-03,1.057912698836118572e-08,4.300772926597641972e-11,2.676520126612901595e-05,1.057921440848273105e-08
1.295625000000000119e-03,1.061888182741659968e-08,4.312327455901741946e-11,2.678508807172216846e-05,1.061896938885536004e-08
1.297500000000000042e-03,1.065884578615182708e-08,4.323947864372186584e-11,2.680504972632880652e-05,1.065893349005799710e-08
1.299374999999999966e-03,1.069902056238319435e-08,4.335634683157167826e-11,2.682508662485609346e-05,1.069910840991477065e-08
1.301250000000000106e-03,1.073940787206171548e-08,4.347388449120212913e-11,2.684519916542792560e-05,1.073949586438459755e-08
1.303125000000000030e-03,1.078000944951709704e-08,4.359209704916325706e-11,2.686538774941947086e-05,1.078009758780517989e-08
1.304999999999999953e-03,1.082082704770504203e-08,4.371098999070219237e-11,2.688565278149217152e-05,1.082091533314030556e-08
1.306875000000000094e-03,1.086186243845960945e-08,4.383056886055412269e-11,2.690599466962906555e-05,1.086195087223222428e-08
1.308750000000000017e-03,1.090311741274841442e-08,4.395083926374575676e-11,2.692641382517084304e-05,1.090320599605683126e-08
1.310624999999999941e-03,1.094459378093305604e-08,4.407180686641352881e-11,2.694691066285226529e-05,1.094468251498411320e-08
1.312500000000000082e-03,1.098629337303334703e-08,4.419347739663280192e-11,2.696748560083874982e-05,1.098638225904236639e-08
1.314375000000000005e-03,1.102821803899582977e-08,4.431585664526385405e-11,2.698813906076426324e-05,1.102830707818671604e-08
1.316249999999999929e-03,1.107036964896673932e-08,4.443895046680826203e-11,2.700887146776871270e-05,1.107045884257208921e-08
1.318125000000000069e-03,1.111275009356995260e-08,4.456276478028221683e-11,2.702968325053699747e-05,1.111283944283115577e-08
1.319999999999999993e-03,1.115536128418860372e-08,4.468730557010153579e-11,2.705057484133742695e-05,1.115545079035594697e-08
1.321875000000000133e-03,1.119820515325230920e-08,4.481257888698425233e-11,2.707154667606158208e-05,1.119829481758508898e-08
1.323750000000000057e-03,1.124128365452855723e-08,4.493859084886493488e-11,2.709259919426412251e-05,1.124137347829518553e-08
1.325624999999999980e-03,1.128459876341926185e-08,4.506534764182825716e-11,2.711373283920369144e-05,1.128468874789737373e-08
1.327500000000000121e-03,1.132815247726224548e-08,4.519285552105192590e-11,2.713494805788379012e-05,1.132824262373881650e-08
1.329375000000000044e-03,1.137194681563759514e-08,4.532112081177334477e-11,2.715624530109493295e-05,1.137203712540904895e-08
1.331249999999999968e-03,1.141598382067948644e-08,4.545014991026365836e-11,2.717762502345643670e-05,1.141607429505181052e-08
1.333125000000000109e-03,1.146026555739301192e-08,4.557994928482701862e-11,2.719908768345999869e-05,1.146035619768187508e-08
1.335000000000000032e-03,1.150479411397635630e-08,4.571052547680890518e-11,2.722063374351284457e-05,1.150488492150722779e-08
1.336874999999999956e-03,1.154957160214889607e-08,4.584188510162639164e-11,2.724226366998188257e-05,1.154966257825716304e-08
1.338750000000000096e-03,1.159460015748414459e-08,4.597403484981469066e-11,2.726397793323880281e-05,1.159469130351523120e-08
1.340625000000000020e-03,1.163988193974905665e-08,4.610698148808897597e-11,2.728577700770507854e-05,1.163997325705854814e-08
1.342499999999999943e-03,1.168541913324881225e-08,4.624073186042886786e-11,2.730766137189861051e-05,1.168551062320258233e-08
1.344375000000000084e-03,1.173121394717738231e-08,4.637529288917729089e-11,2.732963150847980561e-05,1.173130561115171394e-08
1.346250000000000007e-03,1.177726861597478969e-08,4.651067157615880276e-11,2.735168790429965438e-05,1.177736045535650576e-08
1.348124999999999931e-03,1.182358539968963262e-08,4.664687500382083852e-11,2.737383105044726998e-05,1.182367741587622500e-08
1.350000000000000071e-03,1.187016658434858137e-08,4.678391033638881665e-11,2.739606144229901602e-05,1.187025877874833993e-08
1.351874999999999995e-03,1.191701448233201249e-08,4.692178482104621559e-11,2.741837957956790560e-05,1.191710685636416245e-08
1.353750000000000136e-03,1.196413143275625894e-08,4.706050578913109694e-11,2.744078596635382011e-05,1.196422398785108988e-08
1.355625000000000059e-03,1.201151980186255870e-08,4.720008065735694005e-11,2.746328111119441937e-05,1.201161253946157014e-08
1.357499999999999983e-03,1.205918198341265382e-08,4.734051692905087971e-11,2.748586552711704780e-05,1.205927490496868428e-08
1.359375000000000123e-03,1.210712039909173995e-08,4.748182219541807754e-11,2.750853973169088110e-05,1.210721350606911255e-08
1.361250000000000047e-03,1.215533749891790751e-08,4.762400413682392949e-11,2.753130424708025891e-05,1.215543079279257382e-08
1.363124999999999970e-03,1.220383576165964282e-08,4.776707052410259451e-11,2.755415960009876950e-05,1.220392924391932194e-08
1.365000000000000111e-03,1.225261769525986747e-08,4.791102921988280348e-11,2.757710632226406978e-05,1.225271136740420144e-08
1.366875000000000034e-03,1.230168583726818807e-08,4.805588817994549526e-11,2.760014494985346418e-05,1.230177970080888255e-08
1.368749999999999958e-03,1.235104275528049152e-08,4.820165545459742765e-11,2.762327602396028319e-05,1.235113681174147127e-08
1.370625000000000098e-03,1.240069104738669122e-08,4.834833919007468961e-11,2.764650009055131218e-05,1.240078529830425068e-08
1.372500000000000022e-03,1.245063334262621411e-08,4.849594762996680903e-11,2.766981770052490125e-05,1.245072778954917783e-08
1.374374999999999946e-03,1.250087230145181238e-08,4.864448911667109777e-11,2.769322940976976966e-05,1.250096694594168396e-08
1.376250000000000086e-03,1.255141061620198125e-08,4.879397209286831608e-11,2.771673577922539587e-05,1.255150545983311037e-08
1.378125000000000010e-03,1.260225101158156079e-08,4.894440510302912354e-11,2.774033737494233985e-05,1.260234605594130540e-08
1.379999999999999933e-03,1.265339624515134084e-08,4.909579679494275410e-11,2.776403476814438479e-05,1.265349149184022594e-08
1.381875000000000074e-03,1.270484910782646712e-08,4.924815592128035510e-11,2.778782853529085503e-05,1.270494455845835849e-08
1.383749999999999997e-03,1.275661242438404389e-08,4.940149134117689267e-11,2.781171925814057721e-05,1.275670808058631018e-08
1.385625000000000138e-03,1.280868905397996799e-08,4.955581202185194750e-11,2.783570752381638350e-05,1.280878491739366276e-08
1.387500000000000061e-03,1.286108189067545744e-08,4.971112704025352952e-11,2.785979392487051952e-05,1.286117796295548619e-08
1.389374999999999985e-03,1.291379386397290563e-08,4.986744558473405566e-11,2.788397905935158361e-05,1.291389014678820286e-08
1.391250000000000125e-03,1.296682793936222090e-08,5.002477695675669426e-11,2.790826353087193037e-05,1.296692443439593206e-08
1.393125000000000049e-03,1.302018711887691029e-08,5.018313057263343302e-11,2.793264794867641584e-05,1.302028382782657709e-08
1.394999999999999973e-03,1.307387444166048317e-08,5.034251596529549761e-11,2.795713292771227093e-05,1.307397136623822224e-08
1.396875000000000113e-03,1.312789298454382499e-08,5.050294278609505440e-11,2.798171908869982868e-05,1.312799012647652144e-08
1.398750000000000037e-03,1.318224586263301000e-08,5.066442080664338676e-11,2.800640705820432556e-05,1.318234322366250601e-08
1.400624999999999960e-03,1.323693622990852577e-08,5.082695992067751854e-11,2.803119746870951539e-05,1.323703381179181419e-08
1.402500000000000101e-03,1.329196727983539668e-08,5.099057014597013537e-11,2.805609095869130362e-05,1.329206508434481620e-08
1.404375000000000024e-03,1.334734224598517575e-08,5.115526162626702906e-11,2.808108817269334330e-05,1.334744027490861770e-08
1.406249999999999948e-03,1.340306440266979986e-08,5.132104463326496395e-11,2.810618976140401350e-05,1.340316265781090345e-08
1.408125000000000088e-03,1.345913706558715303e-08,5.148792956863125784e-11,2.813139638173338064e-05,1.345923554876550880e-08
1.410000000000000012e-03,1.351556359247941937e-08,5.165592696604731222e-11,2.815670869689335836e-05,1.351566230553079091e-08
1.411874999999999936e-03,1.357234738380372148e-08,5.182504749330998712e-11,2.818212737647715919e-05,1.357244632858024560e-08
1.413750000000000076e-03,1.362949188341572565e-08,5.199530195445706756e-11,2.820765309654119926e-05,1.362959106178613404e-08
1.415625000000000000e-03,1.368700057926684758e-08,5.216670129194172097e-11,2.823328653968820235e-05,1.368709999311668190e-08
1.417500000000000140e-03,1.374487700411418014e-08,5.233925658884556085e-11,2.825902839515110026e-05,1.374497665534602032e-08
1.419375000000000064e-03,1.380312473624503079e-08,5.251297907113656544e-11,2.828487935887902358e-05,1.380322462677871341e-08
1.421249999999999987e-03,1.386174740021500991e-08,5.268788010996676576e-11,2.831084013362401410e-05,1.386184753198786475e-08
1.423125000000000128e-03,1.392074866760092394e-08,5.286397122401812335e-11,2.833691142902979392e-05,1.392084904256800230e-08
1.425000000000000051e-03,1.398013225776818722e-08,5.304126408189145377e-11,2.836309396172140523e-05,1.398023287790250016e-08
1.426874999999999975e-03,1.403990193865336965e-08,5.321977050454333295e-11,2.838938845539649674e-05,1.404000280594613114e-08
1.428750000000000115e-03,1.410006152756253510e-08,5.339950246776870532e-11,2.841579564091864976e-05,1.410016264402339865e-08
1.430625000000000039e-03,1.416061489198499363e-08,5.358047210473508091e-11,2.844231625641128710e-05,1.416071625964231198e-08
1.432499999999999963e-03,1.422156595042332755e-08,5.376269170856239529e-11,2.846895104735389255e-05,1.422166757132439422e-08
1.434375000000000103e-03,1.428291867324021929e-08,5.394617373495771560e-11,2.849570076667951122e-05,1.428302054945153328e-08
1.436250000000000027e-03,1.434467708352201630e-08,5.413093080490054663e-11,2.852256617487422503e-05,1.434477921712953687e-08
1.438124999999999950e-03,1.440684525795971654e-08,5.431697570737887293e-11,2.854954804007739741e-05,1.440694765106913119e-08
1.440000000000000091e-03,1.446942732774761743e-08,5.450432140218415682e-11,2.857664713818495030e-05,1.446952998248460994e-08
1.441875000000000014e-03,1.453242747950032333e-08,5.469298102275838421e-11,2.860386425295307150e-05,1.453253039801084671e-08
1.443749999999999938e-03,1.459584995618826203e-08,5.488296787910228949e-11,2.863120017610463249e-05,1.459595314063881480e-08
1.445625000000000078e-03,1.465969905809231233e-08,5.507429546073461998e-11,2.865865570743707672e-05,1.465980251067022805e-08
1.447500000000000002e-03,1.472397914377774973e-08,5.526697743971953296e-11,2.868623165493176138e-05,1.472408286669147654e-08
1.449375000000000142e-03,1.478869463108853731e-08,5.546102767375040260e-11,2.871392883486583692e-05,1.478879862656793246e-08
1.451250000000000066e-03,1.485384999816166755e-08,5.565646020929793360e-11,2.874174807192574944e-05,1.485395426845829516e-08
1.453124999999999990e-03,1.491944978446279580e-08,5.585328928481878834e-11,2.876969019932244738e-05,1.491955433185022797e-08
1.455000000000000130e-03,1.498549859184312728e-08,5.605152933403705117e-11,2.879775605890908178e-05,1.498560341861725011e-08
1.456875000000000054e-03,1.505200108561829714e-08,5.625119498928504284e-11,2.882594650130027871e-05,1.505210619409762510e-08
1.458749999999999977e-03,1.511896199566990046e-08,5.645230108491773469e-11,2.885426238599388162e-05,1.511906738819589400e-08
1.460625000000000118e-03,1.518638611757012035e-08,5.665486266079620010e-11,2.888270458149454022e-05,1.518649179650750025e-08
1.462500000000000041e-03,1.525427831372959660e-08,5.685889496584264929e-11,2.891127396543964734e-05,1.525438428146668144e-08
1.464374999999999965e-03,1.532264351457010636e-08,5.706441346167079583e-11,2.893997142472715619e-05,1.532274977351914671e-08
1.466250000000000105e-03,1.539148671972161364e-08,5.727143382629099895e-11,2.896879785564636226e-05,1.539159327231912625e-08
1.468125000000000029e-03,1.546081299924495141e-08,5.747997195789139009e-11,2.899775416400998966e-05,1.546091984795205999e-08
1.469999999999999953e-03,1.553062749488052355e-08,5.769004397870193081e-11,2.902684126528982475e-05,1.553073464218332273e-08
1.471875000000000093e-03,1.560093542132368499e-08,5.790166623893568933e-11,2.905606008475342732e-05,1.560104286973358776e-08
1.473750000000000017e-03,1.567174206752775631e-08,5.811485532081811485e-11,2.908541155760470414e-05,1.567184981958186458e-08
1.475624999999999940e-03,1.574305279803464968e-08,5.832962804269678744e-11,2.911489662912576328e-05,1.574316085629611492e-08
1.477500000000000081e-03,1.581487305433475040e-08,5.854600146324167322e-11,2.914451625482218365e-05,1.581498142139315417e-08
1.479375000000000004e-03,1.588720835625619659e-08,5.876399288573586524e-11,2.917427140057030045e-05,1.588731703472794094e-08
1.481250000000000145e-03,1.596006430338431448e-08,5.898361986245429642e-11,2.920416304276794996e-05,1.596017329591299585e-08
1.483125000000000068e-03,1.603344657651199024e-08,5.920490019914211475e-11,2.923419216848708116e-05,1.603355588576880976e-08
1.484999999999999992e-03,1.610736093912253357e-08,5.942785195958444258e-11,2.926435977562970802e-05,1.610747056780669407e-08
1.486875000000000132e-03,1.618181323890431484e-08,5.965249347027771110e-11,2.929466687308664350e-05,1.618192318974343115e-08
1.488750000000000056e-03,1.625680940929951191e-08,5.987884332520459921e-11,2.932511448089900841e-05,1.625691968505002776e-08
1.490624999999999980e-03,1.633235547108716506e-08,6.010692039070690284e-11,2.935570363042282682e-05,1.633246607453478653e-08
1.492500000000000120e-03,1.640845753400126471e-08,6.033674381047246462e-11,2.938643536449693849e-05,1.640856846796138375e-08
1.494375000000000044e-03,1.648512179838534757e-08,6.056833301062574685e-11,2.941731073761360491e-05,1.648523306570348201e-08
1.496249999999999967e-03,1.656235455688421995e-08,6.080170770493568303e-11,2.944833081609221536e-05,1.656246616043647347e-08
1.498125000000000108e-03,1.664016219617323835e-08,6.103688790013269144e-11,2.947949667825732311e-05,1.664027413886674716e-08
1.500000000000000031e-03,1.671855119872767865e-08,6.127389390135063183e-11,2.951080941461872121e-05,1.671866348350108127e-08
